city,timestamp,temperature
102,1995-01-02 00:00:00,30.2
102,1995-01-03 00:00:00,28.8
102,1995-01-04 00:00:00,26.5
102,1995-01-05 00:00:00,26.0
102,1995-01-06 00:00:00,28.4
102,1995-01-07 00:00:00,31.9
102,1995-01-08 00:00:00,33.8
102,1995-01-09 00:00:00,32.4
102,1995-01-10 00:00:00,31.7
102,1995-01-11 00:00:00,31.8
102,1995-01-12 00:00:00,32.8
102,1995-01-13 00:00:00,30.6
102,1995-01-14 00:00:00,29.7
102,1995-01-15 00:00:00,29.2
102,1995-01-16 00:00:00,28.5
102,1995-01-17 00:00:00,30.3
102,1995-01-18 00:00:00,26.0
102,1995-01-19 00:00:00,23.4
102,1995-01-20 00:00:00,23.0
102,1995-01-21 00:00:00,18.6
102,1995-01-22 00:00:00,17.0
102,1995-01-23 00:00:00,12.9
102,1995-01-24 00:00:00,17.3
102,1995-01-25 00:00:00,20.8
102,1995-01-26 00:00:00,27.9
102,1995-01-27 00:00:00,24.8
102,1995-01-28 00:00:00,27.2
102,1995-01-29 00:00:00,29.7
102,1995-01-30 00:00:00,25.3
102,1995-01-31 00:00:00,31.2
102,1995-02-01 00:00:00,29.2
102,1995-02-02 00:00:00,29.1
102,1995-02-03 00:00:00,30.6
102,1995-02-04 00:00:00,32.8
102,1995-02-05 00:00:00,31.7
102,1995-02-06 00:00:00,31.1
102,1995-02-07 00:00:00,31.8
102,1995-02-08 00:00:00,30.9
102,1995-02-09 00:00:00,36.5
102,1995-02-10 00:00:00,-99.0
102,1995-02-11 00:00:00,30.2
102,1995-02-12 00:00:00,29.9
102,1995-02-13 00:00:00,29.6
102,1995-02-14 00:00:00,29.8
102,1995-02-15 00:00:00,30.4
102,1995-02-16 00:00:00,34.1
102,1995-02-17 00:00:00,35.6
102,1995-02-18 00:00:00,-99.0
102,1995-02-19 00:00:00,-99.0
102,1995-02-20 00:00:00,36.5
102,1995-02-21 00:00:00,39.1
102,1995-02-22 00:00:00,39.9
102,1995-02-23 00:00:00,36.7
102,1995-02-24 00:00:00,35.4
102,1995-02-25 00:00:00,36.6
102,1995-02-26 00:00:00,33.5
102,1995-02-27 00:00:00,38.1
102,1995-02-28 00:00:00,36.8
102,1995-03-01 00:00:00,36.2
102,1995-03-02 00:00:00,39.1
102,1995-03-03 00:00:00,39.1
102,1995-03-04 00:00:00,44.1
102,1995-03-05 00:00:00,46.5
102,1995-03-06 00:00:00,45.1
102,1995-03-07 00:00:00,43.6
102,1995-03-08 00:00:00,43.1
102,1995-03-09 00:00:00,46.2
102,1995-03-10 00:00:00,46.9
102,1995-03-11 00:00:00,47.2
102,1995-03-12 00:00:00,50.5
102,1995-03-13 00:00:00,45.0
102,1995-03-14 00:00:00,40.6
102,1995-03-15 00:00:00,42.6
102,1995-03-16 00:00:00,46.0
102,1995-03-17 00:00:00,48.6
102,1995-03-18 00:00:00,45.4
102,1995-03-19 00:00:00,47.5
102,1995-03-20 00:00:00,45.8
102,1995-03-21 00:00:00,50.9
102,1995-03-22 00:00:00,48.4
102,1995-03-23 00:00:00,54.8
102,1995-03-24 00:00:00,57.2
102,1995-03-25 00:00:00,46.3
102,1995-03-26 00:00:00,40.7
102,1995-03-27 00:00:00,37.0
102,1995-03-28 00:00:00,46.3
102,1995-03-29 00:00:00,47.9
102,1995-03-30 00:00:00,51.6
102,1995-03-31 00:00:00,57.3
102,1995-04-01 00:00:00,54.4
102,1995-04-02 00:00:00,57.9
102,1995-04-03 00:00:00,53.9
102,1995-04-04 00:00:00,50.4
102,1995-04-05 00:00:00,43.8
102,1995-04-06 00:00:00,47.5
102,1995-04-07 00:00:00,50.5
102,1995-04-08 00:00:00,55.0
102,1995-04-09 00:00:00,56.3
102,1995-04-10 00:00:00,55.7
102,1995-04-11 00:00:00,55.7
102,1995-04-12 00:00:00,56.3
102,1995-04-13 00:00:00,56.2
102,1995-04-14 00:00:00,59.6
102,1995-04-15 00:00:00,55.7
102,1995-04-16 00:00:00,55.7
102,1995-04-17 00:00:00,52.6
102,1995-04-18 00:00:00,58.5
102,1995-04-19 00:00:00,53.4
102,1995-04-20 00:00:00,51.5
102,1995-04-21 00:00:00,51.9
102,1995-04-22 00:00:00,60.1
102,1995-04-23 00:00:00,59.9
102,1995-04-24 00:00:00,55.4
102,1995-04-25 00:00:00,56.0
102,1995-04-26 00:00:00,56.4
102,1995-04-27 00:00:00,56.3
102,1995-04-28 00:00:00,61.2
102,1995-04-29 00:00:00,57.0
102,1995-04-30 00:00:00,60.5
102,1995-05-01 00:00:00,60.2
102,1995-05-02 00:00:00,55.0
102,1995-05-03 00:00:00,65.1
102,1995-05-04 00:00:00,63.6
102,1995-05-05 00:00:00,-99.0
102,1995-05-06 00:00:00,68.5
102,1995-05-07 00:00:00,57.0
102,1995-05-08 00:00:00,57.9
102,1995-05-09 00:00:00,58.6
102,1995-05-10 00:00:00,57.1
102,1995-05-11 00:00:00,62.8
102,1995-05-12 00:00:00,65.1
102,1995-05-13 00:00:00,67.2
102,1995-05-14 00:00:00,68.2
102,1995-05-15 00:00:00,69.9
102,1995-05-16 00:00:00,73.4
102,1995-05-17 00:00:00,74.9
102,1995-05-18 00:00:00,68.8
102,1995-05-19 00:00:00,71.4
102,1995-05-20 00:00:00,72.2
102,1995-05-21 00:00:00,70.4
102,1995-05-22 00:00:00,77.2
102,1995-05-23 00:00:00,77.2
102,1995-05-24 00:00:00,77.4
102,1995-05-25 00:00:00,73.6
102,1995-05-26 00:00:00,69.0
102,1995-05-27 00:00:00,69.4
102,1995-05-28 00:00:00,72.8
102,1995-05-29 00:00:00,74.3
102,1995-05-30 00:00:00,72.3
102,1995-05-31 00:00:00,75.2
102,1995-06-01 00:00:00,75.2
102,1995-06-02 00:00:00,76.0
102,1995-06-03 00:00:00,65.8
102,1995-06-04 00:00:00,71.0
102,1995-06-05 00:00:00,72.9
102,1995-06-06 00:00:00,73.2
102,1995-06-07 00:00:00,66.7
102,1995-06-08 00:00:00,69.2
102,1995-06-09 00:00:00,62.8
102,1995-06-10 00:00:00,62.7
102,1995-06-11 00:00:00,69.5
102,1995-06-12 00:00:00,70.3
102,1995-06-13 00:00:00,75.0
102,1995-06-14 00:00:00,75.5
102,1995-06-15 00:00:00,-99.0
102,1995-06-16 00:00:00,71.3
102,1995-06-17 00:00:00,80.9
102,1995-06-18 00:00:00,76.9
102,1995-06-19 00:00:00,76.2
102,1995-06-20 00:00:00,79.4
102,1995-06-21 00:00:00,77.9
102,1995-06-22 00:00:00,72.3
102,1995-06-23 00:00:00,71.6
102,1995-06-24 00:00:00,78.5
102,1995-06-25 00:00:00,81.1
102,1995-06-26 00:00:00,76.1
102,1995-06-27 00:00:00,78.0
102,1995-06-28 00:00:00,76.1
102,1995-06-29 00:00:00,76.6
102,1995-06-30 00:00:00,75.1
102,1995-07-01 00:00:00,73.3
102,1995-07-02 00:00:00,73.2
102,1995-07-03 00:00:00,75.9
102,1995-07-04 00:00:00,77.0
102,1995-07-05 00:00:00,76.2
102,1995-07-06 00:00:00,71.1
102,1995-07-07 00:00:00,73.2
102,1995-07-08 00:00:00,76.6
102,1995-07-09 00:00:00,77.1
102,1995-07-10 00:00:00,82.0
102,1995-07-11 00:00:00,80.7
102,1995-07-12 00:00:00,80.5
102,1995-07-13 00:00:00,80.5
102,1995-07-14 00:00:00,82.9
102,1995-07-15 00:00:00,87.8
102,1995-07-16 00:00:00,82.8
102,1995-07-17 00:00:00,80.8
102,1995-07-18 00:00:00,79.4
102,1995-07-19 00:00:00,82.1
102,1995-07-20 00:00:00,85.0
102,1995-07-21 00:00:00,81.0
102,1995-07-22 00:00:00,78.8
102,1995-07-23 00:00:00,84.1
102,1995-07-24 00:00:00,78.4
102,1995-07-25 00:00:00,84.1
102,1995-07-26 00:00:00,77.0
102,1995-07-27 00:00:00,78.1
102,1995-07-28 00:00:00,77.5
102,1995-07-29 00:00:00,82.7
102,1995-07-30 00:00:00,75.0
102,1995-07-31 00:00:00,84.0
102,1995-08-01 00:00:00,84.7
102,1995-08-02 00:00:00,88.5
102,1995-08-03 00:00:00,84.6
102,1995-08-04 00:00:00,87.0
102,1995-08-05 00:00:00,85.5
102,1995-08-06 00:00:00,87.3
102,1995-08-07 00:00:00,84.5
102,1995-08-08 00:00:00,79.5
102,1995-08-09 00:00:00,79.8
102,1995-08-10 00:00:00,82.7
102,1995-08-11 00:00:00,81.0
102,1995-08-12 00:00:00,80.7
102,1995-08-13 00:00:00,74.2
102,1995-08-14 00:00:00,75.0
102,1995-08-15 00:00:00,77.8
102,1995-08-16 00:00:00,78.8
102,1995-08-17 00:00:00,80.1
102,1995-08-18 00:00:00,83.5
102,1995-08-19 00:00:00,81.5
102,1995-08-20 00:00:00,80.2
102,1995-08-21 00:00:00,79.5
102,1995-08-22 00:00:00,79.3
102,1995-08-23 00:00:00,73.4
102,1995-08-24 00:00:00,77.1
102,1995-08-25 00:00:00,77.5
102,1995-08-26 00:00:00,75.9
102,1995-08-27 00:00:00,77.7
102,1995-08-28 00:00:00,82.2
102,1995-08-29 00:00:00,81.6
102,1995-08-30 00:00:00,81.8
102,1995-08-31 00:00:00,82.5
102,1995-09-01 00:00:00,81.2
102,1995-09-02 00:00:00,80.8
102,1995-09-03 00:00:00,81.7
102,1995-09-04 00:00:00,79.0
102,1995-09-05 00:00:00,76.0
102,1995-09-06 00:00:00,74.4
102,1995-09-07 00:00:00,67.3
102,1995-09-08 00:00:00,83.8
102,1995-09-09 00:00:00,70.5
102,1995-09-10 00:00:00,72.0
102,1995-09-11 00:00:00,73.6
102,1995-09-12 00:00:00,77.6
102,1995-09-13 00:00:00,76.7
102,1995-09-14 00:00:00,77.2
102,1995-09-15 00:00:00,77.1
102,1995-09-16 00:00:00,74.1
102,1995-09-17 00:00:00,73.7
102,1995-09-18 00:00:00,63.1
102,1995-09-19 00:00:00,59.2
102,1995-09-20 00:00:00,59.3
102,1995-09-21 00:00:00,56.5
102,1995-09-22 00:00:00,60.5
102,1995-09-23 00:00:00,64.0
102,1995-09-24 00:00:00,64.6
102,1995-09-25 00:00:00,61.4
102,1995-09-26 00:00:00,63.0
102,1995-09-27 00:00:00,62.1
102,1995-09-28 00:00:00,62.0
102,1995-09-29 00:00:00,57.3
102,1995-09-30 00:00:00,60.1
102,1995-10-01 00:00:00,66.7
102,1995-10-02 00:00:00,67.8
102,1995-10-03 00:00:00,64.5
102,1995-10-04 00:00:00,56.4
102,1995-10-05 00:00:00,57.2
102,1995-10-06 00:00:00,50.2
102,1995-10-07 00:00:00,53.0
102,1995-10-08 00:00:00,52.2
102,1995-10-09 00:00:00,52.3
102,1995-10-10 00:00:00,53.3
102,1995-10-11 00:00:00,55.9
102,1995-10-12 00:00:00,54.0
102,1995-10-13 00:00:00,51.1
102,1995-10-14 00:00:00,54.5
102,1995-10-15 00:00:00,53.2
102,1995-10-16 00:00:00,54.8
102,1995-10-17 00:00:00,54.6
102,1995-10-18 00:00:00,48.0
102,1995-10-19 00:00:00,50.0
102,1995-10-20 00:00:00,50.0
102,1995-10-21 00:00:00,53.6
102,1995-10-22 00:00:00,55.1
102,1995-10-23 00:00:00,57.1
102,1995-10-24 00:00:00,54.3
102,1995-10-25 00:00:00,51.9
102,1995-10-26 00:00:00,50.7
102,1995-10-27 00:00:00,51.1
102,1995-10-28 00:00:00,55.3
102,1995-10-29 00:00:00,57.7
102,1995-10-30 00:00:00,60.2
102,1995-10-31 00:00:00,50.4
102,1995-11-01 00:00:00,45.0
102,1995-11-02 00:00:00,53.3
102,1995-11-03 00:00:00,57.4
102,1995-11-04 00:00:00,54.2
102,1995-11-05 00:00:00,50.9
102,1995-11-06 00:00:00,53.2
102,1995-11-07 00:00:00,55.2
102,1995-11-08 00:00:00,57.7
102,1995-11-09 00:00:00,53.7
102,1995-11-10 00:00:00,52.8
102,1995-11-11 00:00:00,38.8
102,1995-11-12 00:00:00,36.7
102,1995-11-13 00:00:00,36.7
102,1995-11-14 00:00:00,39.0
102,1995-11-15 00:00:00,38.9
102,1995-11-16 00:00:00,39.5
102,1995-11-17 00:00:00,39.4
102,1995-11-18 00:00:00,41.3
102,1995-11-19 00:00:00,44.0
102,1995-11-20 00:00:00,49.7
102,1995-11-21 00:00:00,-99.0
102,1995-11-22 00:00:00,53.0
102,1995-11-23 00:00:00,50.6
102,1995-11-24 00:00:00,40.6
102,1995-11-25 00:00:00,37.4
102,1995-11-26 00:00:00,38.6
102,1995-11-27 00:00:00,36.2
102,1995-11-28 00:00:00,32.9
102,1995-11-29 00:00:00,28.7
102,1995-11-30 00:00:00,33.6
102,1995-12-01 00:00:00,35.1
102,1995-12-02 00:00:00,33.3
102,1995-12-03 00:00:00,31.2
102,1995-12-04 00:00:00,30.9
102,1995-12-05 00:00:00,31.4
102,1995-12-06 00:00:00,29.7
102,1995-12-07 00:00:00,32.6
102,1995-12-08 00:00:00,34.4
102,1995-12-09 00:00:00,34.7
102,1995-12-10 00:00:00,34.6
102,1995-12-11 00:00:00,32.5
102,1995-12-12 00:00:00,36.3
102,1995-12-13 00:00:00,36.6
102,1995-12-14 00:00:00,31.5
102,1995-12-15 00:00:00,26.1
102,1995-12-16 00:00:00,27.5
102,1995-12-17 00:00:00,24.5
102,1995-12-18 00:00:00,21.6
102,1995-12-19 00:00:00,18.6
102,1995-12-20 00:00:00,19.9
102,1995-12-21 00:00:00,25.7
102,1995-12-22 00:00:00,29.3
102,1995-12-23 00:00:00,23.4
102,1995-12-24 00:00:00,17.6
102,1995-12-25 00:00:00,26.0
102,1995-12-26 00:00:00,33.8
102,1995-12-27 00:00:00,39.5
102,1995-12-28 00:00:00,40.0
102,1995-12-29 00:00:00,40.4
102,1995-12-30 00:00:00,40.3
102,1995-12-31 00:00:00,35.7
102,1996-01-01 00:00:00,39.2
102,1996-01-02 00:00:00,38.3
102,1996-01-03 00:00:00,37.5
102,1996-01-04 00:00:00,38.8
102,1996-01-05 00:00:00,43.9
102,1996-01-06 00:00:00,39.9
102,1996-01-07 00:00:00,39.3
102,1996-01-08 00:00:00,39.5
102,1996-01-09 00:00:00,37.5
102,1996-01-10 00:00:00,32.6
102,1996-01-11 00:00:00,29.3
102,1996-01-12 00:00:00,28.0
102,1996-01-13 00:00:00,27.4
102,1996-01-14 00:00:00,24.3
102,1996-01-15 00:00:00,25.7
102,1996-01-16 00:00:00,24.2
102,1996-01-17 00:00:00,25.9
102,1996-01-18 00:00:00,26.4
102,1996-01-19 00:00:00,27.8
102,1996-01-20 00:00:00,27.7
102,1996-01-21 00:00:00,26.4
102,1996-01-22 00:00:00,27.6
102,1996-01-23 00:00:00,28.7
102,1996-01-24 00:00:00,32.0
102,1996-01-25 00:00:00,32.7
102,1996-01-26 00:00:00,28.9
102,1996-01-27 00:00:00,31.9
102,1996-01-28 00:00:00,33.6
102,1996-01-29 00:00:00,33.1
102,1996-01-30 00:00:00,30.9
102,1996-01-31 00:00:00,36.5
102,1996-02-01 00:00:00,37.1
102,1996-02-02 00:00:00,24.0
102,1996-02-03 00:00:00,19.6
102,1996-02-04 00:00:00,20.0
102,1996-02-05 00:00:00,19.0
102,1996-02-06 00:00:00,20.5
102,1996-02-07 00:00:00,28.3
102,1996-02-08 00:00:00,32.1
102,1996-02-09 00:00:00,40.6
102,1996-02-10 00:00:00,42.3
102,1996-02-11 00:00:00,40.7
102,1996-02-12 00:00:00,38.4
102,1996-02-13 00:00:00,35.7
102,1996-02-14 00:00:00,36.2
102,1996-02-15 00:00:00,35.2
102,1996-02-16 00:00:00,35.7
102,1996-02-17 00:00:00,27.6
102,1996-02-18 00:00:00,41.5
102,1996-02-19 00:00:00,33.2
102,1996-02-20 00:00:00,44.0
102,1996-02-21 00:00:00,41.3
102,1996-02-22 00:00:00,40.3
102,1996-02-23 00:00:00,37.6
102,1996-02-24 00:00:00,37.4
102,1996-02-25 00:00:00,33.3
102,1996-02-26 00:00:00,35.6
102,1996-02-27 00:00:00,38.8
102,1996-02-28 00:00:00,33.6
102,1996-02-29 00:00:00,30.4
102,1996-03-01 00:00:00,34.7
102,1996-03-02 00:00:00,33.8
102,1996-03-03 00:00:00,41.9
102,1996-03-04 00:00:00,27.3
102,1996-03-05 00:00:00,43.5
102,1996-03-06 00:00:00,46.2
102,1996-03-07 00:00:00,48.6
102,1996-03-08 00:00:00,42.0
102,1996-03-09 00:00:00,43.6
102,1996-03-10 00:00:00,43.2
102,1996-03-11 00:00:00,47.8
102,1996-03-12 00:00:00,44.2
102,1996-03-13 00:00:00,49.1
102,1996-03-14 00:00:00,52.5
102,1996-03-15 00:00:00,50.4
102,1996-03-16 00:00:00,40.1
102,1996-03-17 00:00:00,41.5
102,1996-03-18 00:00:00,35.4
102,1996-03-19 00:00:00,31.4
102,1996-03-20 00:00:00,30.9
102,1996-03-21 00:00:00,41.5
102,1996-03-22 00:00:00,42.7
102,1996-03-23 00:00:00,43.9
102,1996-03-24 00:00:00,50.6
102,1996-03-25 00:00:00,47.1
102,1996-03-26 00:00:00,44.8
102,1996-03-27 00:00:00,45.6
102,1996-03-28 00:00:00,46.2
102,1996-03-29 00:00:00,50.7
102,1996-03-30 00:00:00,49.2
102,1996-03-31 00:00:00,56.2
102,1996-04-01 00:00:00,47.4
102,1996-04-02 00:00:00,58.2
102,1996-04-03 00:00:00,51.9
102,1996-04-04 00:00:00,47.9
102,1996-04-05 00:00:00,46.0
102,1996-04-06 00:00:00,46.3
102,1996-04-07 00:00:00,57.6
102,1996-04-08 00:00:00,52.3
102,1996-04-09 00:00:00,50.4
102,1996-04-10 00:00:00,51.0
102,1996-04-11 00:00:00,50.7
102,1996-04-12 00:00:00,49.1
102,1996-04-13 00:00:00,46.8
102,1996-04-14 00:00:00,50.4
102,1996-04-15 00:00:00,51.8
102,1996-04-16 00:00:00,53.6
102,1996-04-17 00:00:00,49.5
102,1996-04-18 00:00:00,54.5
102,1996-04-19 00:00:00,53.0
102,1996-04-20 00:00:00,54.8
102,1996-04-21 00:00:00,53.7
102,1996-04-22 00:00:00,55.1
102,1996-04-23 00:00:00,53.5
102,1996-04-24 00:00:00,56.1
102,1996-04-25 00:00:00,52.0
102,1996-04-26 00:00:00,55.9
102,1996-04-27 00:00:00,58.2
102,1996-04-28 00:00:00,64.0
102,1996-04-29 00:00:00,65.5
102,1996-04-30 00:00:00,64.5
102,1996-05-01 00:00:00,58.2
102,1996-05-02 00:00:00,69.9
102,1996-05-03 00:00:00,68.7
102,1996-05-04 00:00:00,60.3
102,1996-05-05 00:00:00,61.3
102,1996-05-06 00:00:00,63.2
102,1996-05-07 00:00:00,60.1
102,1996-05-08 00:00:00,70.9
102,1996-05-09 00:00:00,66.8
102,1996-05-10 00:00:00,69.5
102,1996-05-11 00:00:00,63.9
102,1996-05-12 00:00:00,70.3
102,1996-05-13 00:00:00,68.4
102,1996-05-14 00:00:00,67.0
102,1996-05-15 00:00:00,59.6
102,1996-05-16 00:00:00,68.6
102,1996-05-17 00:00:00,64.9
102,1996-05-18 00:00:00,64.6
102,1996-05-19 00:00:00,64.0
102,1996-05-20 00:00:00,69.7
102,1996-05-21 00:00:00,70.3
102,1996-05-22 00:00:00,72.9
102,1996-05-23 00:00:00,72.0
102,1996-05-24 00:00:00,62.8
102,1996-05-25 00:00:00,61.4
102,1996-05-26 00:00:00,68.5
102,1996-05-27 00:00:00,70.8
102,1996-05-28 00:00:00,73.7
102,1996-05-29 00:00:00,70.5
102,1996-05-30 00:00:00,69.6
102,1996-05-31 00:00:00,69.8
102,1996-06-01 00:00:00,66.8
102,1996-06-02 00:00:00,54.5
102,1996-06-03 00:00:00,74.5
102,1996-06-04 00:00:00,69.1
102,1996-06-05 00:00:00,65.1
102,1996-06-06 00:00:00,58.2
102,1996-06-07 00:00:00,65.7
102,1996-06-08 00:00:00,59.6
102,1996-06-09 00:00:00,62.1
102,1996-06-10 00:00:00,54.4
102,1996-06-11 00:00:00,69.4
102,1996-06-12 00:00:00,68.5
102,1996-06-13 00:00:00,74.7
102,1996-06-14 00:00:00,73.2
102,1996-06-15 00:00:00,79.6
102,1996-06-16 00:00:00,76.9
102,1996-06-17 00:00:00,79.9
102,1996-06-18 00:00:00,77.8
102,1996-06-19 00:00:00,72.8
102,1996-06-20 00:00:00,73.9
102,1996-06-21 00:00:00,72.8
102,1996-06-22 00:00:00,65.2
102,1996-06-23 00:00:00,72.7
102,1996-06-24 00:00:00,74.5
102,1996-06-25 00:00:00,76.2
102,1996-06-26 00:00:00,76.1
102,1996-06-27 00:00:00,78.1
102,1996-06-28 00:00:00,79.5
102,1996-06-29 00:00:00,79.8
102,1996-06-30 00:00:00,77.6
102,1996-07-01 00:00:00,79.4
102,1996-07-02 00:00:00,82.1
102,1996-07-03 00:00:00,83.5
102,1996-07-04 00:00:00,84.4
102,1996-07-05 00:00:00,80.1
102,1996-07-06 00:00:00,75.8
102,1996-07-07 00:00:00,77.5
102,1996-07-08 00:00:00,76.1
102,1996-07-09 00:00:00,79.1
102,1996-07-10 00:00:00,80.4
102,1996-07-11 00:00:00,82.6
102,1996-07-12 00:00:00,81.5
102,1996-07-13 00:00:00,86.2
102,1996-07-14 00:00:00,85.6
102,1996-07-15 00:00:00,84.4
102,1996-07-16 00:00:00,82.9
102,1996-07-17 00:00:00,81.8
102,1996-07-18 00:00:00,82.1
102,1996-07-19 00:00:00,82.7
102,1996-07-20 00:00:00,83.7
102,1996-07-21 00:00:00,84.7
102,1996-07-22 00:00:00,84.0
102,1996-07-23 00:00:00,82.8
102,1996-07-24 00:00:00,85.6
102,1996-07-25 00:00:00,81.7
102,1996-07-26 00:00:00,81.4
102,1996-07-27 00:00:00,82.7
102,1996-07-28 00:00:00,82.0
102,1996-07-29 00:00:00,74.6
102,1996-07-30 00:00:00,79.5
102,1996-07-31 00:00:00,82.6
102,1996-08-01 00:00:00,82.6
102,1996-08-02 00:00:00,87.1
102,1996-08-03 00:00:00,88.7
102,1996-08-04 00:00:00,86.6
102,1996-08-05 00:00:00,83.1
102,1996-08-06 00:00:00,84.7
102,1996-08-07 00:00:00,81.6
102,1996-08-08 00:00:00,77.9
102,1996-08-09 00:00:00,78.0
102,1996-08-10 00:00:00,85.2
102,1996-08-11 00:00:00,84.1
102,1996-08-12 00:00:00,84.3
102,1996-08-13 00:00:00,80.9
102,1996-08-14 00:00:00,80.0
102,1996-08-15 00:00:00,78.2
102,1996-08-16 00:00:00,76.1
102,1996-08-17 00:00:00,80.3
102,1996-08-18 00:00:00,81.7
102,1996-08-19 00:00:00,81.7
102,1996-08-20 00:00:00,82.5
102,1996-08-21 00:00:00,82.7
102,1996-08-22 00:00:00,80.9
102,1996-08-23 00:00:00,76.6
102,1996-08-24 00:00:00,79.4
102,1996-08-25 00:00:00,79.0
102,1996-08-26 00:00:00,79.4
102,1996-08-27 00:00:00,80.3
102,1996-08-28 00:00:00,75.8
102,1996-08-29 00:00:00,76.5
102,1996-08-30 00:00:00,76.0
102,1996-08-31 00:00:00,78.9
102,1996-09-01 00:00:00,79.8
102,1996-09-02 00:00:00,79.1
102,1996-09-03 00:00:00,72.8
102,1996-09-04 00:00:00,70.7
102,1996-09-05 00:00:00,71.7
102,1996-09-06 00:00:00,72.7
102,1996-09-07 00:00:00,66.8
102,1996-09-08 00:00:00,68.4
102,1996-09-09 00:00:00,65.6
102,1996-09-10 00:00:00,64.6
102,1996-09-11 00:00:00,66.7
102,1996-09-12 00:00:00,68.2
102,1996-09-13 00:00:00,67.1
102,1996-09-14 00:00:00,70.1
102,1996-09-15 00:00:00,73.0
102,1996-09-16 00:00:00,72.7
102,1996-09-17 00:00:00,70.5
102,1996-09-18 00:00:00,59.2
102,1996-09-19 00:00:00,63.8
102,1996-09-20 00:00:00,62.5
102,1996-09-21 00:00:00,55.7
102,1996-09-22 00:00:00,58.3
102,1996-09-23 00:00:00,60.3
102,1996-09-24 00:00:00,61.9
102,1996-09-25 00:00:00,70.3
102,1996-09-26 00:00:00,72.5
102,1996-09-27 00:00:00,67.9
102,1996-09-28 00:00:00,68.8
102,1996-09-29 00:00:00,68.1
102,1996-09-30 00:00:00,66.2
102,1996-10-01 00:00:00,67.2
102,1996-10-02 00:00:00,62.2
102,1996-10-03 00:00:00,61.5
102,1996-10-04 00:00:00,61.1
102,1996-10-05 00:00:00,59.9
102,1996-10-06 00:00:00,55.4
102,1996-10-07 00:00:00,56.6
102,1996-10-08 00:00:00,58.1
102,1996-10-09 00:00:00,59.3
102,1996-10-10 00:00:00,60.1
102,1996-10-11 00:00:00,56.5
102,1996-10-12 00:00:00,59.2
102,1996-10-13 00:00:00,58.1
102,1996-10-14 00:00:00,56.3
102,1996-10-15 00:00:00,54.7
102,1996-10-16 00:00:00,55.6
102,1996-10-17 00:00:00,55.0
102,1996-10-18 00:00:00,54.1
102,1996-10-19 00:00:00,53.2
102,1996-10-20 00:00:00,53.1
102,1996-10-21 00:00:00,54.9
102,1996-10-22 00:00:00,57.7
102,1996-10-23 00:00:00,60.1
102,1996-10-24 00:00:00,59.4
102,1996-10-25 00:00:00,68.0
102,1996-10-26 00:00:00,56.3
102,1996-10-27 00:00:00,49.4
102,1996-10-28 00:00:00,47.5
102,1996-10-29 00:00:00,46.9
102,1996-10-30 00:00:00,42.4
102,1996-10-31 00:00:00,42.2
102,1996-11-01 00:00:00,44.9
102,1996-11-02 00:00:00,45.3
102,1996-11-03 00:00:00,47.1
102,1996-11-04 00:00:00,46.4
102,1996-11-05 00:00:00,43.9
102,1996-11-06 00:00:00,43.0
102,1996-11-07 00:00:00,42.4
102,1996-11-08 00:00:00,47.9
102,1996-11-09 00:00:00,44.4
102,1996-11-10 00:00:00,45.3
102,1996-11-11 00:00:00,40.7
102,1996-11-12 00:00:00,37.7
102,1996-11-13 00:00:00,35.1
102,1996-11-14 00:00:00,35.5
102,1996-11-15 00:00:00,35.0
102,1996-11-16 00:00:00,33.7
102,1996-11-17 00:00:00,34.1
102,1996-11-18 00:00:00,33.2
102,1996-11-19 00:00:00,34.9
102,1996-11-20 00:00:00,38.8
102,1996-11-21 00:00:00,44.3
102,1996-11-22 00:00:00,52.0
102,1996-11-23 00:00:00,47.7
102,1996-11-24 00:00:00,49.3
102,1996-11-25 00:00:00,46.8
102,1996-11-26 00:00:00,41.1
102,1996-11-27 00:00:00,37.8
102,1996-11-28 00:00:00,40.9
102,1996-11-29 00:00:00,41.9
102,1996-11-30 00:00:00,-99.0
102,1996-12-01 00:00:00,38.5
102,1996-12-02 00:00:00,36.9
102,1996-12-03 00:00:00,34.6
102,1996-12-04 00:00:00,33.6
102,1996-12-05 00:00:00,42.6
102,1996-12-06 00:00:00,43.2
102,1996-12-07 00:00:00,41.7
102,1996-12-08 00:00:00,-99.0
102,1996-12-09 00:00:00,48.5
102,1996-12-10 00:00:00,45.9
102,1996-12-11 00:00:00,43.5
102,1996-12-12 00:00:00,43.9
102,1996-12-13 00:00:00,45.7
102,1996-12-14 00:00:00,43.1
102,1996-12-15 00:00:00,37.9
102,1996-12-16 00:00:00,34.2
102,1996-12-17 00:00:00,39.4
102,1996-12-18 00:00:00,37.1
102,1996-12-19 00:00:00,31.8
102,1996-12-20 00:00:00,33.5
102,1996-12-21 00:00:00,33.6
102,1996-12-22 00:00:00,37.2
102,1996-12-23 00:00:00,39.0
102,1996-12-24 00:00:00,40.7
102,1996-12-25 00:00:00,46.7
102,1996-12-26 00:00:00,49.0
102,1996-12-27 00:00:00,45.7
102,1996-12-28 00:00:00,48.8
102,1996-12-29 00:00:00,48.3
102,1996-12-30 00:00:00,45.0
102,1996-12-31 00:00:00,44.1
102,1997-01-01 00:00:00,38.9
102,1997-01-02 00:00:00,37.7
102,1997-01-03 00:00:00,40.5
102,1997-01-04 00:00:00,40.8
102,1997-01-05 00:00:00,42.4
102,1997-01-06 00:00:00,45.7
102,1997-01-07 00:00:00,44.3
102,1997-01-08 00:00:00,40.3
102,1997-01-09 00:00:00,43.0
102,1997-01-10 00:00:00,43.5
102,1997-01-11 00:00:00,41.8
102,1997-01-12 00:00:00,36.1
102,1997-01-13 00:00:00,36.3
102,1997-01-14 00:00:00,25.7
102,1997-01-15 00:00:00,34.0
102,1997-01-16 00:00:00,36.7
102,1997-01-17 00:00:00,31.0
102,1997-01-18 00:00:00,31.3
102,1997-01-19 00:00:00,30.0
102,1997-01-20 00:00:00,28.7
102,1997-01-21 00:00:00,32.1
102,1997-01-22 00:00:00,32.5
102,1997-01-23 00:00:00,30.6
102,1997-01-24 00:00:00,31.9
102,1997-01-25 00:00:00,31.6
102,1997-01-26 00:00:00,28.8
102,1997-01-27 00:00:00,25.6
102,1997-01-28 00:00:00,24.2
102,1997-01-29 00:00:00,21.9
102,1997-01-30 00:00:00,25.5
102,1997-01-31 00:00:00,21.6
102,1997-02-01 00:00:00,26.0
102,1997-02-02 00:00:00,34.4
102,1997-02-03 00:00:00,35.4
102,1997-02-04 00:00:00,27.0
102,1997-02-05 00:00:00,21.7
102,1997-02-06 00:00:00,17.4
102,1997-02-07 00:00:00,14.1
102,1997-02-08 00:00:00,15.5
102,1997-02-09 00:00:00,22.5
102,1997-02-10 00:00:00,21.8
102,1997-02-11 00:00:00,23.8
102,1997-02-12 00:00:00,16.0
102,1997-02-13 00:00:00,20.4
102,1997-02-14 00:00:00,21.4
102,1997-02-15 00:00:00,32.0
102,1997-02-16 00:00:00,39.6
102,1997-02-17 00:00:00,35.8
102,1997-02-18 00:00:00,39.4
102,1997-02-19 00:00:00,38.6
102,1997-02-20 00:00:00,37.2
102,1997-02-21 00:00:00,36.7
102,1997-02-22 00:00:00,34.7
102,1997-02-23 00:00:00,36.0
102,1997-02-24 00:00:00,38.3
102,1997-02-25 00:00:00,33.1
102,1997-02-26 00:00:00,34.5
102,1997-02-27 00:00:00,35.8
102,1997-02-28 00:00:00,39.4
102,1997-03-01 00:00:00,38.1
102,1997-03-02 00:00:00,34.8
102,1997-03-03 00:00:00,36.8
102,1997-03-04 00:00:00,41.6
102,1997-03-05 00:00:00,37.6
102,1997-03-06 00:00:00,33.2
102,1997-03-07 00:00:00,30.3
102,1997-03-08 00:00:00,28.9
102,1997-03-09 00:00:00,32.7
102,1997-03-10 00:00:00,35.0
102,1997-03-11 00:00:00,34.0
102,1997-03-12 00:00:00,36.8
102,1997-03-13 00:00:00,40.1
102,1997-03-14 00:00:00,41.9
102,1997-03-15 00:00:00,41.6
102,1997-03-16 00:00:00,46.0
102,1997-03-17 00:00:00,41.0
102,1997-03-18 00:00:00,45.2
102,1997-03-19 00:00:00,32.4
102,1997-03-20 00:00:00,26.6
102,1997-03-21 00:00:00,33.3
102,1997-03-22 00:00:00,41.2
102,1997-03-23 00:00:00,43.9
102,1997-03-24 00:00:00,42.3
102,1997-03-25 00:00:00,42.7
102,1997-03-26 00:00:00,36.1
102,1997-03-27 00:00:00,39.7
102,1997-03-28 00:00:00,41.5
102,1997-03-29 00:00:00,40.8
102,1997-03-30 00:00:00,38.2
102,1997-03-31 00:00:00,43.5
102,1997-04-01 00:00:00,51.6
102,1997-04-02 00:00:00,55.6
102,1997-04-03 00:00:00,54.4
102,1997-04-04 00:00:00,57.1
102,1997-04-05 00:00:00,48.1
102,1997-04-06 00:00:00,48.4
102,1997-04-07 00:00:00,49.7
102,1997-04-08 00:00:00,49.0
102,1997-04-09 00:00:00,40.5
102,1997-04-10 00:00:00,36.9
102,1997-04-11 00:00:00,33.8
102,1997-04-12 00:00:00,29.5
102,1997-04-13 00:00:00,46.6
102,1997-04-14 00:00:00,46.2
102,1997-04-15 00:00:00,50.4
102,1997-04-16 00:00:00,55.0
102,1997-04-17 00:00:00,54.0
102,1997-04-18 00:00:00,57.1
102,1997-04-19 00:00:00,51.9
102,1997-04-20 00:00:00,51.7
102,1997-04-21 00:00:00,54.9
102,1997-04-22 00:00:00,61.3
102,1997-04-23 00:00:00,63.5
102,1997-04-24 00:00:00,70.6
102,1997-04-25 00:00:00,73.2
102,1997-04-26 00:00:00,69.9
102,1997-04-27 00:00:00,62.2
102,1997-04-28 00:00:00,57.0
102,1997-04-29 00:00:00,53.4
102,1997-04-30 00:00:00,55.7
102,1997-05-01 00:00:00,58.0
102,1997-05-02 00:00:00,56.6
102,1997-05-03 00:00:00,52.7
102,1997-05-04 00:00:00,52.4
102,1997-05-05 00:00:00,55.5
102,1997-05-06 00:00:00,60.3
102,1997-05-07 00:00:00,68.3
102,1997-05-08 00:00:00,68.9
102,1997-05-09 00:00:00,71.1
102,1997-05-10 00:00:00,68.5
102,1997-05-11 00:00:00,70.8
102,1997-05-12 00:00:00,73.3
102,1997-05-13 00:00:00,69.5
102,1997-05-14 00:00:00,67.8
102,1997-05-15 00:00:00,68.8
102,1997-05-16 00:00:00,68.0
102,1997-05-17 00:00:00,69.9
102,1997-05-18 00:00:00,69.1
102,1997-05-19 00:00:00,66.3
102,1997-05-20 00:00:00,66.4
102,1997-05-21 00:00:00,67.0
102,1997-05-22 00:00:00,60.4
102,1997-05-23 00:00:00,67.0
102,1997-05-24 00:00:00,69.0
102,1997-05-25 00:00:00,67.1
102,1997-05-26 00:00:00,64.3
102,1997-05-27 00:00:00,67.1
102,1997-05-28 00:00:00,70.6
102,1997-05-29 00:00:00,73.4
102,1997-05-30 00:00:00,77.6
102,1997-05-31 00:00:00,75.3
102,1997-06-01 00:00:00,70.5
102,1997-06-02 00:00:00,60.9
102,1997-06-03 00:00:00,59.4
102,1997-06-04 00:00:00,68.9
102,1997-06-05 00:00:00,67.1
102,1997-06-06 00:00:00,66.4
102,1997-06-07 00:00:00,69.1
102,1997-06-08 00:00:00,74.5
102,1997-06-09 00:00:00,65.8
102,1997-06-10 00:00:00,73.0
102,1997-06-11 00:00:00,74.0
102,1997-06-12 00:00:00,75.6
102,1997-06-13 00:00:00,73.4
102,1997-06-14 00:00:00,75.5
102,1997-06-15 00:00:00,75.0
102,1997-06-16 00:00:00,72.6
102,1997-06-17 00:00:00,72.4
102,1997-06-18 00:00:00,73.5
102,1997-06-19 00:00:00,76.2
102,1997-06-20 00:00:00,80.0
102,1997-06-21 00:00:00,79.4
102,1997-06-22 00:00:00,76.6
102,1997-06-23 00:00:00,73.1
102,1997-06-24 00:00:00,71.8
102,1997-06-25 00:00:00,76.6
102,1997-06-26 00:00:00,80.2
102,1997-06-27 00:00:00,79.1
102,1997-06-28 00:00:00,74.9
102,1997-06-29 00:00:00,73.4
102,1997-06-30 00:00:00,77.4
102,1997-07-01 00:00:00,74.7
102,1997-07-02 00:00:00,76.6
102,1997-07-03 00:00:00,77.9
102,1997-07-04 00:00:00,69.8
102,1997-07-05 00:00:00,68.4
102,1997-07-06 00:00:00,69.9
102,1997-07-07 00:00:00,73.9
102,1997-07-08 00:00:00,78.8
102,1997-07-09 00:00:00,81.3
102,1997-07-10 00:00:00,85.0
102,1997-07-11 00:00:00,79.5
102,1997-07-12 00:00:00,77.5
102,1997-07-13 00:00:00,78.6
102,1997-07-14 00:00:00,79.0
102,1997-07-15 00:00:00,72.5
102,1997-07-16 00:00:00,73.2
102,1997-07-17 00:00:00,75.3
102,1997-07-18 00:00:00,75.5
102,1997-07-19 00:00:00,76.2
102,1997-07-20 00:00:00,80.0
102,1997-07-21 00:00:00,81.4
102,1997-07-22 00:00:00,81.6
102,1997-07-23 00:00:00,80.1
102,1997-07-24 00:00:00,79.1
102,1997-07-25 00:00:00,77.4
102,1997-07-26 00:00:00,80.8
102,1997-07-27 00:00:00,83.9
102,1997-07-28 00:00:00,85.4
102,1997-07-29 00:00:00,86.7
102,1997-07-30 00:00:00,83.2
102,1997-07-31 00:00:00,84.9
102,1997-08-01 00:00:00,84.5
102,1997-08-02 00:00:00,87.0
102,1997-08-03 00:00:00,86.2
102,1997-08-04 00:00:00,85.6
102,1997-08-05 00:00:00,81.9
102,1997-08-06 00:00:00,75.2
102,1997-08-07 00:00:00,74.2
102,1997-08-08 00:00:00,80.9
102,1997-08-09 00:00:00,83.1
102,1997-08-10 00:00:00,85.2
102,1997-08-11 00:00:00,82.8
102,1997-08-12 00:00:00,86.0
102,1997-08-13 00:00:00,81.0
102,1997-08-14 00:00:00,80.3
102,1997-08-15 00:00:00,77.5
102,1997-08-16 00:00:00,79.6
102,1997-08-17 00:00:00,81.7
102,1997-08-18 00:00:00,79.8
102,1997-08-19 00:00:00,79.2
102,1997-08-20 00:00:00,77.8
102,1997-08-21 00:00:00,77.4
102,1997-08-22 00:00:00,77.2
102,1997-08-23 00:00:00,78.2
102,1997-08-24 00:00:00,80.0
102,1997-08-25 00:00:00,80.6
102,1997-08-26 00:00:00,81.7
102,1997-08-27 00:00:00,80.9
102,1997-08-28 00:00:00,81.5
102,1997-08-29 00:00:00,81.4
102,1997-08-30 00:00:00,80.0
102,1997-08-31 00:00:00,79.0
102,1997-09-01 00:00:00,81.1
102,1997-09-02 00:00:00,73.1
102,1997-09-03 00:00:00,63.9
102,1997-09-04 00:00:00,57.0
102,1997-09-05 00:00:00,59.1
102,1997-09-06 00:00:00,62.9
102,1997-09-07 00:00:00,65.4
102,1997-09-08 00:00:00,61.9
102,1997-09-09 00:00:00,63.1
102,1997-09-10 00:00:00,68.5
102,1997-09-11 00:00:00,69.4
102,1997-09-12 00:00:00,65.0
102,1997-09-13 00:00:00,55.7
102,1997-09-14 00:00:00,55.7
102,1997-09-15 00:00:00,60.7
102,1997-09-16 00:00:00,60.0
102,1997-09-17 00:00:00,68.2
102,1997-09-18 00:00:00,68.2
102,1997-09-19 00:00:00,68.9
102,1997-09-20 00:00:00,72.8
102,1997-09-21 00:00:00,74.8
102,1997-09-22 00:00:00,64.0
102,1997-09-23 00:00:00,65.0
102,1997-09-24 00:00:00,63.7
102,1997-09-25 00:00:00,67.8
102,1997-09-26 00:00:00,65.2
102,1997-09-27 00:00:00,63.4
102,1997-09-28 00:00:00,65.5
102,1997-09-29 00:00:00,61.5
102,1997-09-30 00:00:00,57.9
102,1997-10-01 00:00:00,57.9
102,1997-10-02 00:00:00,53.5
102,1997-10-03 00:00:00,54.5
102,1997-10-04 00:00:00,59.0
102,1997-10-05 00:00:00,59.7
102,1997-10-06 00:00:00,60.2
102,1997-10-07 00:00:00,56.5
102,1997-10-08 00:00:00,56.6
102,1997-10-09 00:00:00,60.0
102,1997-10-10 00:00:00,61.8
102,1997-10-11 00:00:00,59.9
102,1997-10-12 00:00:00,62.6
102,1997-10-13 00:00:00,65.5
102,1997-10-14 00:00:00,66.1
102,1997-10-15 00:00:00,65.5
102,1997-10-16 00:00:00,65.5
102,1997-10-17 00:00:00,65.3
102,1997-10-18 00:00:00,66.6
102,1997-10-19 00:00:00,60.1
102,1997-10-20 00:00:00,61.5
102,1997-10-21 00:00:00,56.5
102,1997-10-22 00:00:00,53.2
102,1997-10-23 00:00:00,54.1
102,1997-10-24 00:00:00,54.2
102,1997-10-25 00:00:00,56.3
102,1997-10-26 00:00:00,59.0
102,1997-10-27 00:00:00,55.8
102,1997-10-28 00:00:00,52.7
102,1997-10-29 00:00:00,50.4
102,1997-10-30 00:00:00,49.5
102,1997-10-31 00:00:00,40.6
102,1997-11-01 00:00:00,41.9
102,1997-11-02 00:00:00,41.6
102,1997-11-03 00:00:00,48.3
102,1997-11-04 00:00:00,48.0
102,1997-11-05 00:00:00,44.4
102,1997-11-06 00:00:00,37.2
102,1997-11-07 00:00:00,38.0
102,1997-11-08 00:00:00,39.6
102,1997-11-09 00:00:00,39.8
102,1997-11-10 00:00:00,41.3
102,1997-11-11 00:00:00,43.5
102,1997-11-12 00:00:00,45.1
102,1997-11-13 00:00:00,42.2
102,1997-11-14 00:00:00,45.5
102,1997-11-15 00:00:00,42.0
102,1997-11-16 00:00:00,42.3
102,1997-11-17 00:00:00,41.2
102,1997-11-18 00:00:00,42.2
102,1997-11-19 00:00:00,43.7
102,1997-11-20 00:00:00,43.7
102,1997-11-21 00:00:00,43.3
102,1997-11-22 00:00:00,41.9
102,1997-11-23 00:00:00,42.3
102,1997-11-24 00:00:00,43.7
102,1997-11-25 00:00:00,40.6
102,1997-11-26 00:00:00,39.0
102,1997-11-27 00:00:00,36.3
102,1997-11-28 00:00:00,38.6
102,1997-11-29 00:00:00,36.5
102,1997-11-30 00:00:00,39.9
102,1997-12-01 00:00:00,38.9
102,1997-12-02 00:00:00,41.5
102,1997-12-03 00:00:00,38.5
102,1997-12-04 00:00:00,42.7
102,1997-12-05 00:00:00,44.6
102,1997-12-06 00:00:00,41.2
102,1997-12-07 00:00:00,44.2
102,1997-12-08 00:00:00,45.9
102,1997-12-09 00:00:00,45.7
102,1997-12-10 00:00:00,38.1
102,1997-12-11 00:00:00,31.0
102,1997-12-12 00:00:00,29.3
102,1997-12-13 00:00:00,31.5
102,1997-12-14 00:00:00,35.7
102,1997-12-15 00:00:00,34.9
102,1997-12-16 00:00:00,38.0
102,1997-12-17 00:00:00,36.9
102,1997-12-18 00:00:00,29.5
102,1997-12-19 00:00:00,25.1
102,1997-12-20 00:00:00,17.2
102,1997-12-21 00:00:00,14.6
102,1997-12-22 00:00:00,26.0
102,1997-12-23 00:00:00,25.5
102,1997-12-24 00:00:00,29.2
102,1997-12-25 00:00:00,31.7
102,1997-12-26 00:00:00,29.2
102,1997-12-27 00:00:00,26.6
102,1997-12-28 00:00:00,24.7
102,1997-12-29 00:00:00,23.5
102,1997-12-30 00:00:00,25.0
102,1997-12-31 00:00:00,24.1
102,1998-01-01 00:00:00,24.1
102,1998-01-02 00:00:00,20.9
102,1998-01-03 00:00:00,23.3
102,1998-01-04 00:00:00,14.6
102,1998-01-05 00:00:00,20.8
102,1998-01-06 00:00:00,28.1
102,1998-01-07 00:00:00,23.5
102,1998-01-08 00:00:00,22.8
102,1998-01-09 00:00:00,20.3
102,1998-01-10 00:00:00,18.6
102,1998-01-11 00:00:00,-99.0
102,1998-01-12 00:00:00,24.4
102,1998-01-13 00:00:00,21.0
102,1998-01-14 00:00:00,22.8
102,1998-01-15 00:00:00,26.1
102,1998-01-16 00:00:00,22.8
102,1998-01-17 00:00:00,22.0
102,1998-01-18 00:00:00,24.3
102,1998-01-19 00:00:00,25.2
102,1998-01-20 00:00:00,26.2
102,1998-01-21 00:00:00,26.2
102,1998-01-22 00:00:00,25.0
102,1998-01-23 00:00:00,30.4
102,1998-01-24 00:00:00,32.1
102,1998-01-25 00:00:00,31.6
102,1998-01-26 00:00:00,33.8
102,1998-01-27 00:00:00,34.9
102,1998-01-28 00:00:00,31.5
102,1998-01-29 00:00:00,30.6
102,1998-01-30 00:00:00,34.8
102,1998-01-31 00:00:00,25.4
102,1998-02-01 00:00:00,22.1
102,1998-02-02 00:00:00,20.9
102,1998-02-03 00:00:00,28.9
102,1998-02-04 00:00:00,34.4
102,1998-02-05 00:00:00,30.9
102,1998-02-06 00:00:00,36.8
102,1998-02-07 00:00:00,37.6
102,1998-02-08 00:00:00,26.1
102,1998-02-09 00:00:00,22.5
102,1998-02-10 00:00:00,19.0
102,1998-02-11 00:00:00,17.9
102,1998-02-12 00:00:00,18.2
102,1998-02-13 00:00:00,24.3
102,1998-02-14 00:00:00,29.0
102,1998-02-15 00:00:00,21.7
102,1998-02-16 00:00:00,26.5
102,1998-02-17 00:00:00,28.0
102,1998-02-18 00:00:00,31.0
102,1998-02-19 00:00:00,23.8
102,1998-02-20 00:00:00,21.1
102,1998-02-21 00:00:00,26.1
102,1998-02-22 00:00:00,31.1
102,1998-02-23 00:00:00,33.5
102,1998-02-24 00:00:00,36.9
102,1998-02-25 00:00:00,35.1
102,1998-02-26 00:00:00,36.4
102,1998-02-27 00:00:00,31.2
102,1998-02-28 00:00:00,30.5
102,1998-03-01 00:00:00,35.3
102,1998-03-02 00:00:00,36.3
102,1998-03-03 00:00:00,35.4
102,1998-03-04 00:00:00,33.2
102,1998-03-05 00:00:00,39.8
102,1998-03-06 00:00:00,44.8
102,1998-03-07 00:00:00,47.1
102,1998-03-08 00:00:00,47.2
102,1998-03-09 00:00:00,45.7
102,1998-03-10 00:00:00,46.4
102,1998-03-11 00:00:00,49.2
102,1998-03-12 00:00:00,52.1
102,1998-03-13 00:00:00,46.4
102,1998-03-14 00:00:00,41.3
102,1998-03-15 00:00:00,44.2
102,1998-03-16 00:00:00,47.8
102,1998-03-17 00:00:00,48.9
102,1998-03-18 00:00:00,48.2
102,1998-03-19 00:00:00,41.8
102,1998-03-20 00:00:00,39.7
102,1998-03-21 00:00:00,43.2
102,1998-03-22 00:00:00,46.0
102,1998-03-23 00:00:00,49.5
102,1998-03-24 00:00:00,49.5
102,1998-03-25 00:00:00,35.3
102,1998-03-26 00:00:00,38.0
102,1998-03-27 00:00:00,46.0
102,1998-03-28 00:00:00,58.2
102,1998-03-29 00:00:00,54.2
102,1998-03-30 00:00:00,44.3
102,1998-03-31 00:00:00,45.6
102,1998-04-01 00:00:00,47.5
102,1998-04-02 00:00:00,46.8
102,1998-04-03 00:00:00,51.8
102,1998-04-04 00:00:00,50.2
102,1998-04-05 00:00:00,53.6
102,1998-04-06 00:00:00,56.7
102,1998-04-07 00:00:00,59.2
102,1998-04-08 00:00:00,61.5
102,1998-04-09 00:00:00,62.6
102,1998-04-10 00:00:00,64.7
102,1998-04-11 00:00:00,64.8
102,1998-04-12 00:00:00,69.3
102,1998-04-13 00:00:00,70.3
102,1998-04-14 00:00:00,70.6
102,1998-04-15 00:00:00,68.6
102,1998-04-16 00:00:00,66.4
102,1998-04-17 00:00:00,62.6
102,1998-04-18 00:00:00,59.0
102,1998-04-19 00:00:00,63.4
102,1998-04-20 00:00:00,59.4
102,1998-04-21 00:00:00,51.8
102,1998-04-22 00:00:00,51.7
102,1998-04-23 00:00:00,53.5
102,1998-04-24 00:00:00,54.3
102,1998-04-25 00:00:00,56.0
102,1998-04-26 00:00:00,57.9
102,1998-04-27 00:00:00,58.3
102,1998-04-28 00:00:00,58.7
102,1998-04-29 00:00:00,58.0
102,1998-04-30 00:00:00,55.8
102,1998-05-01 00:00:00,59.2
102,1998-05-02 00:00:00,58.7
102,1998-05-03 00:00:00,56.2
102,1998-05-04 00:00:00,60.7
102,1998-05-05 00:00:00,66.2
102,1998-05-06 00:00:00,71.9
102,1998-05-07 00:00:00,75.9
102,1998-05-08 00:00:00,70.4
102,1998-05-09 00:00:00,71.7
102,1998-05-10 00:00:00,74.2
102,1998-05-11 00:00:00,71.8
102,1998-05-12 00:00:00,60.6
102,1998-05-13 00:00:00,60.7
102,1998-05-14 00:00:00,60.9
102,1998-05-15 00:00:00,62.8
102,1998-05-16 00:00:00,63.5
102,1998-05-17 00:00:00,66.4
102,1998-05-18 00:00:00,71.2
102,1998-05-19 00:00:00,65.6
102,1998-05-20 00:00:00,68.3
102,1998-05-21 00:00:00,61.2
102,1998-05-22 00:00:00,61.7
102,1998-05-23 00:00:00,62.6
102,1998-05-24 00:00:00,60.7
102,1998-05-25 00:00:00,61.3
102,1998-05-26 00:00:00,68.9
102,1998-05-27 00:00:00,75.4
102,1998-05-28 00:00:00,73.3
102,1998-05-29 00:00:00,63.8
102,1998-05-30 00:00:00,67.1
102,1998-05-31 00:00:00,64.2
102,1998-06-01 00:00:00,65.4
102,1998-06-02 00:00:00,65.2
102,1998-06-03 00:00:00,67.1
102,1998-06-04 00:00:00,69.2
102,1998-06-05 00:00:00,75.5
102,1998-06-06 00:00:00,76.1
102,1998-06-07 00:00:00,77.9
102,1998-06-08 00:00:00,76.8
102,1998-06-09 00:00:00,80.3
102,1998-06-10 00:00:00,76.4
102,1998-06-11 00:00:00,77.3
102,1998-06-12 00:00:00,75.1
102,1998-06-13 00:00:00,72.5
102,1998-06-14 00:00:00,79.1
102,1998-06-15 00:00:00,81.1
102,1998-06-16 00:00:00,81.5
102,1998-06-17 00:00:00,80.3
102,1998-06-18 00:00:00,80.5
102,1998-06-19 00:00:00,78.7
102,1998-06-20 00:00:00,81.9
102,1998-06-21 00:00:00,83.7
102,1998-06-22 00:00:00,89.1
102,1998-06-23 00:00:00,87.3
102,1998-06-24 00:00:00,78.9
102,1998-06-25 00:00:00,77.8
102,1998-06-26 00:00:00,81.1
102,1998-06-27 00:00:00,77.5
102,1998-06-28 00:00:00,72.5
102,1998-06-29 00:00:00,75.0
102,1998-06-30 00:00:00,77.0
102,1998-07-01 00:00:00,78.4
102,1998-07-02 00:00:00,78.5
102,1998-07-03 00:00:00,80.6
102,1998-07-04 00:00:00,78.4
102,1998-07-05 00:00:00,76.8
102,1998-07-06 00:00:00,74.0
102,1998-07-07 00:00:00,65.6
102,1998-07-08 00:00:00,71.1
102,1998-07-09 00:00:00,77.1
102,1998-07-10 00:00:00,83.9
102,1998-07-11 00:00:00,83.1
102,1998-07-12 00:00:00,81.7
102,1998-07-13 00:00:00,81.4
102,1998-07-14 00:00:00,80.0
102,1998-07-15 00:00:00,83.3
102,1998-07-16 00:00:00,85.2
102,1998-07-17 00:00:00,90.4
102,1998-07-18 00:00:00,85.7
102,1998-07-19 00:00:00,82.8
102,1998-07-20 00:00:00,84.0
102,1998-07-21 00:00:00,84.5
102,1998-07-22 00:00:00,82.2
102,1998-07-23 00:00:00,80.9
102,1998-07-24 00:00:00,82.4
102,1998-07-25 00:00:00,82.6
102,1998-07-26 00:00:00,81.6
102,1998-07-27 00:00:00,78.6
102,1998-07-28 00:00:00,78.4
102,1998-07-29 00:00:00,81.3
102,1998-07-30 00:00:00,81.5
102,1998-07-31 00:00:00,75.8
102,1998-08-01 00:00:00,78.4
102,1998-08-02 00:00:00,77.4
102,1998-08-03 00:00:00,79.7
102,1998-08-04 00:00:00,80.3
102,1998-08-05 00:00:00,79.9
102,1998-08-06 00:00:00,82.5
102,1998-08-07 00:00:00,82.4
102,1998-08-08 00:00:00,77.9
102,1998-08-09 00:00:00,80.4
102,1998-08-10 00:00:00,83.1
102,1998-08-11 00:00:00,81.9
102,1998-08-12 00:00:00,77.1
102,1998-08-13 00:00:00,76.7
102,1998-08-14 00:00:00,76.1
102,1998-08-15 00:00:00,80.6
102,1998-08-16 00:00:00,77.0
102,1998-08-17 00:00:00,75.7
102,1998-08-18 00:00:00,77.7
102,1998-08-19 00:00:00,78.3
102,1998-08-20 00:00:00,78.3
102,1998-08-21 00:00:00,79.1
102,1998-08-22 00:00:00,81.7
102,1998-08-23 00:00:00,81.7
102,1998-08-24 00:00:00,82.4
102,1998-08-25 00:00:00,84.8
102,1998-08-26 00:00:00,85.0
102,1998-08-27 00:00:00,85.2
102,1998-08-28 00:00:00,83.6
102,1998-08-29 00:00:00,89.0
102,1998-08-30 00:00:00,85.9
102,1998-08-31 00:00:00,86.2
102,1998-09-01 00:00:00,83.6
102,1998-09-02 00:00:00,79.7
102,1998-09-03 00:00:00,72.0
102,1998-09-04 00:00:00,66.7
102,1998-09-05 00:00:00,66.7
102,1998-09-06 00:00:00,66.6
102,1998-09-07 00:00:00,65.1
102,1998-09-08 00:00:00,68.6
102,1998-09-09 00:00:00,71.9
102,1998-09-10 00:00:00,72.0
102,1998-09-11 00:00:00,69.5
102,1998-09-12 00:00:00,67.3
102,1998-09-13 00:00:00,68.4
102,1998-09-14 00:00:00,71.6
102,1998-09-15 00:00:00,74.3
102,1998-09-16 00:00:00,75.4
102,1998-09-17 00:00:00,75.0
102,1998-09-18 00:00:00,73.6
102,1998-09-19 00:00:00,73.9
102,1998-09-20 00:00:00,75.4
102,1998-09-21 00:00:00,74.2
102,1998-09-22 00:00:00,73.6
102,1998-09-23 00:00:00,69.6
102,1998-09-24 00:00:00,63.7
102,1998-09-25 00:00:00,62.7
102,1998-09-26 00:00:00,63.2
102,1998-09-27 00:00:00,65.3
102,1998-09-28 00:00:00,64.4
102,1998-09-29 00:00:00,66.7
102,1998-09-30 00:00:00,66.2
102,1998-10-01 00:00:00,59.9
102,1998-10-02 00:00:00,59.1
102,1998-10-03 00:00:00,62.3
102,1998-10-04 00:00:00,63.3
102,1998-10-05 00:00:00,67.7
102,1998-10-06 00:00:00,66.4
102,1998-10-07 00:00:00,64.9
102,1998-10-08 00:00:00,61.6
102,1998-10-09 00:00:00,55.1
102,1998-10-10 00:00:00,51.2
102,1998-10-11 00:00:00,52.6
102,1998-10-12 00:00:00,54.3
102,1998-10-13 00:00:00,59.0
102,1998-10-14 00:00:00,61.6
102,1998-10-15 00:00:00,61.2
102,1998-10-16 00:00:00,60.6
102,1998-10-17 00:00:00,63.1
102,1998-10-18 00:00:00,64.2
102,1998-10-19 00:00:00,57.1
102,1998-10-20 00:00:00,55.8
102,1998-10-21 00:00:00,54.1
102,1998-10-22 00:00:00,56.0
102,1998-10-23 00:00:00,51.4
102,1998-10-24 00:00:00,49.8
102,1998-10-25 00:00:00,50.2
102,1998-10-26 00:00:00,53.8
102,1998-10-27 00:00:00,56.7
102,1998-10-28 00:00:00,57.6
102,1998-10-29 00:00:00,56.3
102,1998-10-30 00:00:00,54.9
102,1998-10-31 00:00:00,55.1
102,1998-11-01 00:00:00,57.2
102,1998-11-02 00:00:00,53.7
102,1998-11-03 00:00:00,55.9
102,1998-11-04 00:00:00,53.8
102,1998-11-05 00:00:00,52.2
102,1998-11-06 00:00:00,51.4
102,1998-11-07 00:00:00,52.2
102,1998-11-08 00:00:00,52.4
102,1998-11-09 00:00:00,46.6
102,1998-11-10 00:00:00,41.9
102,1998-11-11 00:00:00,41.6
102,1998-11-12 00:00:00,42.1
102,1998-11-13 00:00:00,41.8
102,1998-11-14 00:00:00,46.3
102,1998-11-15 00:00:00,49.1
102,1998-11-16 00:00:00,52.6
102,1998-11-17 00:00:00,53.2
102,1998-11-18 00:00:00,55.1
102,1998-11-19 00:00:00,54.3
102,1998-11-20 00:00:00,49.4
102,1998-11-21 00:00:00,46.2
102,1998-11-22 00:00:00,41.1
102,1998-11-23 00:00:00,43.9
102,1998-11-24 00:00:00,46.9
102,1998-11-25 00:00:00,46.0
102,1998-11-26 00:00:00,43.4
102,1998-11-27 00:00:00,44.9
102,1998-11-28 00:00:00,48.9
102,1998-11-29 00:00:00,44.9
102,1998-11-30 00:00:00,44.1
102,1998-12-01 00:00:00,43.0
102,1998-12-02 00:00:00,41.9
102,1998-12-03 00:00:00,42.0
102,1998-12-04 00:00:00,39.3
102,1998-12-05 00:00:00,36.7
102,1998-12-06 00:00:00,41.2
102,1998-12-07 00:00:00,43.5
102,1998-12-08 00:00:00,46.6
102,1998-12-09 00:00:00,48.6
102,1998-12-10 00:00:00,58.8
102,1998-12-11 00:00:00,47.1
102,1998-12-12 00:00:00,38.1
102,1998-12-13 00:00:00,33.1
102,1998-12-14 00:00:00,34.1
102,1998-12-15 00:00:00,35.7
102,1998-12-16 00:00:00,37.0
102,1998-12-17 00:00:00,38.7
102,1998-12-18 00:00:00,36.7
102,1998-12-19 00:00:00,35.0
102,1998-12-20 00:00:00,32.9
102,1998-12-21 00:00:00,37.3
102,1998-12-22 00:00:00,34.2
102,1998-12-23 00:00:00,31.7
102,1998-12-24 00:00:00,-99.0
102,1998-12-25 00:00:00,34.2
102,1998-12-26 00:00:00,32.8
102,1998-12-27 00:00:00,33.2
102,1998-12-28 00:00:00,35.1
102,1998-12-29 00:00:00,30.8
102,1998-12-30 00:00:00,-99.0
102,1998-12-31 00:00:00,-99.0
102,1999-01-01 00:00:00,33.2
102,1999-01-02 00:00:00,28.2
102,1999-01-03 00:00:00,25.2
102,1999-01-04 00:00:00,23.3
102,1999-01-05 00:00:00,25.5
102,1999-01-06 00:00:00,31.0
102,1999-01-07 00:00:00,33.6
102,1999-01-08 00:00:00,32.9
102,1999-01-09 00:00:00,32.5
102,1999-01-10 00:00:00,-99.0
102,1999-01-11 00:00:00,33.1
102,1999-01-12 00:00:00,32.6
102,1999-01-13 00:00:00,31.6
102,1999-01-14 00:00:00,33.4
102,1999-01-15 00:00:00,31.2
102,1999-01-16 00:00:00,33.6
102,1999-01-17 00:00:00,32.6
102,1999-01-18 00:00:00,38.3
102,1999-01-19 00:00:00,39.9
102,1999-01-20 00:00:00,39.6
102,1999-01-21 00:00:00,38.4
102,1999-01-22 00:00:00,36.4
102,1999-01-23 00:00:00,31.7
102,1999-01-24 00:00:00,29.4
102,1999-01-25 00:00:00,33.6
102,1999-01-26 00:00:00,30.3
102,1999-01-27 00:00:00,27.7
102,1999-01-28 00:00:00,30.2
102,1999-01-29 00:00:00,32.8
102,1999-01-30 00:00:00,35.9
102,1999-01-31 00:00:00,37.8
102,1999-02-01 00:00:00,35.4
102,1999-02-02 00:00:00,36.9
102,1999-02-03 00:00:00,35.1
102,1999-02-04 00:00:00,30.4
102,1999-02-05 00:00:00,26.7
102,1999-02-06 00:00:00,30.0
102,1999-02-07 00:00:00,34.9
102,1999-02-08 00:00:00,42.5
102,1999-02-09 00:00:00,44.1
102,1999-02-10 00:00:00,41.9
102,1999-02-11 00:00:00,35.8
102,1999-02-12 00:00:00,35.4
102,1999-02-13 00:00:00,40.1
102,1999-02-14 00:00:00,41.6
102,1999-02-15 00:00:00,42.1
102,1999-02-16 00:00:00,45.7
102,1999-02-17 00:00:00,44.1
102,1999-02-18 00:00:00,46.2
102,1999-02-19 00:00:00,47.0
102,1999-02-20 00:00:00,37.4
102,1999-02-21 00:00:00,31.2
102,1999-02-22 00:00:00,34.1
102,1999-02-23 00:00:00,40.4
102,1999-02-24 00:00:00,38.9
102,1999-02-25 00:00:00,44.1
102,1999-02-26 00:00:00,47.5
102,1999-02-27 00:00:00,44.5
102,1999-02-28 00:00:00,43.2
102,1999-03-01 00:00:00,43.2
102,1999-03-02 00:00:00,45.5
102,1999-03-03 00:00:00,47.0
102,1999-03-04 00:00:00,47.6
102,1999-03-05 00:00:00,47.7
102,1999-03-06 00:00:00,48.2
102,1999-03-07 00:00:00,49.7
102,1999-03-08 00:00:00,49.6
102,1999-03-09 00:00:00,49.7
102,1999-03-10 00:00:00,48.9
102,1999-03-11 00:00:00,47.6
102,1999-03-12 00:00:00,44.2
102,1999-03-13 00:00:00,43.7
102,1999-03-14 00:00:00,48.0
102,1999-03-15 00:00:00,50.7
102,1999-03-16 00:00:00,39.2
102,1999-03-17 00:00:00,35.5
102,1999-03-18 00:00:00,36.8
102,1999-03-19 00:00:00,41.6
102,1999-03-20 00:00:00,45.4
102,1999-03-21 00:00:00,48.6
102,1999-03-22 00:00:00,45.6
102,1999-03-23 00:00:00,46.6
102,1999-03-24 00:00:00,47.3
102,1999-03-25 00:00:00,50.4
102,1999-03-26 00:00:00,48.0
102,1999-03-27 00:00:00,38.8
102,1999-03-28 00:00:00,41.6
102,1999-03-29 00:00:00,46.9
102,1999-03-30 00:00:00,50.7
102,1999-03-31 00:00:00,54.3
102,1999-04-01 00:00:00,53.1
102,1999-04-02 00:00:00,50.1
102,1999-04-03 00:00:00,51.4
102,1999-04-04 00:00:00,52.4
102,1999-04-05 00:00:00,52.8
102,1999-04-06 00:00:00,53.4
102,1999-04-07 00:00:00,51.9
102,1999-04-08 00:00:00,49.4
102,1999-04-09 00:00:00,49.0
102,1999-04-10 00:00:00,53.2
102,1999-04-11 00:00:00,57.0
102,1999-04-12 00:00:00,60.0
102,1999-04-13 00:00:00,57.4
102,1999-04-14 00:00:00,52.8
102,1999-04-15 00:00:00,54.9
102,1999-04-16 00:00:00,54.2
102,1999-04-17 00:00:00,52.9
102,1999-04-18 00:00:00,54.1
102,1999-04-19 00:00:00,58.9
102,1999-04-20 00:00:00,62.3
102,1999-04-21 00:00:00,62.4
102,1999-04-22 00:00:00,55.7
102,1999-04-23 00:00:00,47.7
102,1999-04-24 00:00:00,48.7
102,1999-04-25 00:00:00,57.1
102,1999-04-26 00:00:00,63.8
102,1999-04-27 00:00:00,67.1
102,1999-04-28 00:00:00,65.4
102,1999-04-29 00:00:00,60.8
102,1999-04-30 00:00:00,57.3
102,1999-05-01 00:00:00,62.4
102,1999-05-02 00:00:00,66.0
102,1999-05-03 00:00:00,64.0
102,1999-05-04 00:00:00,60.3
102,1999-05-05 00:00:00,59.2
102,1999-05-06 00:00:00,64.9
102,1999-05-07 00:00:00,61.3
102,1999-05-08 00:00:00,50.4
102,1999-05-09 00:00:00,53.9
102,1999-05-10 00:00:00,59.2
102,1999-05-11 00:00:00,65.7
102,1999-05-12 00:00:00,67.9
102,1999-05-13 00:00:00,69.6
102,1999-05-14 00:00:00,60.8
102,1999-05-15 00:00:00,64.7
102,1999-05-16 00:00:00,71.2
102,1999-05-17 00:00:00,66.8
102,1999-05-18 00:00:00,60.2
102,1999-05-19 00:00:00,56.1
102,1999-05-20 00:00:00,52.3
102,1999-05-21 00:00:00,53.7
102,1999-05-22 00:00:00,61.6
102,1999-05-23 00:00:00,69.0
102,1999-05-24 00:00:00,70.6
102,1999-05-25 00:00:00,68.0
102,1999-05-26 00:00:00,68.0
102,1999-05-27 00:00:00,68.9
102,1999-05-28 00:00:00,72.1
102,1999-05-29 00:00:00,72.5
102,1999-05-30 00:00:00,73.6
102,1999-05-31 00:00:00,72.8
102,1999-06-01 00:00:00,77.2
102,1999-06-02 00:00:00,76.1
102,1999-06-03 00:00:00,75.2
102,1999-06-04 00:00:00,69.5
102,1999-06-05 00:00:00,68.4
102,1999-06-06 00:00:00,71.0
102,1999-06-07 00:00:00,69.4
102,1999-06-08 00:00:00,69.6
102,1999-06-09 00:00:00,73.5
102,1999-06-10 00:00:00,75.2
102,1999-06-11 00:00:00,74.1
102,1999-06-12 00:00:00,70.4
102,1999-06-13 00:00:00,69.2
102,1999-06-14 00:00:00,71.2
102,1999-06-15 00:00:00,65.7
102,1999-06-16 00:00:00,69.3
102,1999-06-17 00:00:00,71.0
102,1999-06-18 00:00:00,75.4
102,1999-06-19 00:00:00,80.2
102,1999-06-20 00:00:00,79.2
102,1999-06-21 00:00:00,78.4
102,1999-06-22 00:00:00,75.9
102,1999-06-23 00:00:00,77.3
102,1999-06-24 00:00:00,78.9
102,1999-06-25 00:00:00,68.8
102,1999-06-26 00:00:00,66.4
102,1999-06-27 00:00:00,66.9
102,1999-06-28 00:00:00,67.2
102,1999-06-29 00:00:00,72.2
102,1999-06-30 00:00:00,76.4
102,1999-07-01 00:00:00,77.4
102,1999-07-02 00:00:00,79.9
102,1999-07-03 00:00:00,81.1
102,1999-07-04 00:00:00,79.3
102,1999-07-05 00:00:00,80.3
102,1999-07-06 00:00:00,78.7
102,1999-07-07 00:00:00,74.2
102,1999-07-08 00:00:00,77.7
102,1999-07-09 00:00:00,76.8
102,1999-07-10 00:00:00,79.4
102,1999-07-11 00:00:00,83.3
102,1999-07-12 00:00:00,80.3
102,1999-07-13 00:00:00,73.8
102,1999-07-14 00:00:00,73.9
102,1999-07-15 00:00:00,76.6
102,1999-07-16 00:00:00,78.6
102,1999-07-17 00:00:00,80.0
102,1999-07-18 00:00:00,82.6
102,1999-07-19 00:00:00,84.3
102,1999-07-20 00:00:00,81.9
102,1999-07-21 00:00:00,80.1
102,1999-07-22 00:00:00,77.7
102,1999-07-23 00:00:00,79.0
102,1999-07-24 00:00:00,80.7
102,1999-07-25 00:00:00,81.6
102,1999-07-26 00:00:00,81.8
102,1999-07-27 00:00:00,80.0
102,1999-07-28 00:00:00,80.8
102,1999-07-29 00:00:00,82.8
102,1999-07-30 00:00:00,84.2
102,1999-07-31 00:00:00,86.5
102,1999-08-01 00:00:00,87.9
102,1999-08-02 00:00:00,88.3
102,1999-08-03 00:00:00,89.8
102,1999-08-04 00:00:00,91.8
102,1999-08-05 00:00:00,90.6
102,1999-08-06 00:00:00,84.0
102,1999-08-07 00:00:00,80.9
102,1999-08-08 00:00:00,82.6
102,1999-08-09 00:00:00,79.8
102,1999-08-10 00:00:00,80.4
102,1999-08-11 00:00:00,81.3
102,1999-08-12 00:00:00,84.3
102,1999-08-13 00:00:00,81.6
102,1999-08-14 00:00:00,81.6
102,1999-08-15 00:00:00,84.8
102,1999-08-16 00:00:00,85.9
102,1999-08-17 00:00:00,83.1
102,1999-08-18 00:00:00,83.1
102,1999-08-19 00:00:00,80.4
102,1999-08-20 00:00:00,80.8
102,1999-08-21 00:00:00,82.3
102,1999-08-22 00:00:00,85.2
102,1999-08-23 00:00:00,83.9
102,1999-08-24 00:00:00,85.8
102,1999-08-25 00:00:00,79.4
102,1999-08-26 00:00:00,81.0
102,1999-08-27 00:00:00,78.5
102,1999-08-28 00:00:00,77.6
102,1999-08-29 00:00:00,73.2
102,1999-08-30 00:00:00,72.3
102,1999-08-31 00:00:00,74.8
102,1999-09-01 00:00:00,75.4
102,1999-09-02 00:00:00,76.8
102,1999-09-03 00:00:00,77.6
102,1999-09-04 00:00:00,73.4
102,1999-09-05 00:00:00,73.7
102,1999-09-06 00:00:00,74.8
102,1999-09-07 00:00:00,75.9
102,1999-09-08 00:00:00,75.8
102,1999-09-09 00:00:00,76.7
102,1999-09-10 00:00:00,75.5
102,1999-09-11 00:00:00,71.9
102,1999-09-12 00:00:00,68.1
102,1999-09-13 00:00:00,66.7
102,1999-09-14 00:00:00,65.8
102,1999-09-15 00:00:00,61.0
102,1999-09-16 00:00:00,62.0
102,1999-09-17 00:00:00,64.7
102,1999-09-18 00:00:00,66.9
102,1999-09-19 00:00:00,70.1
102,1999-09-20 00:00:00,70.9
102,1999-09-21 00:00:00,66.0
102,1999-09-22 00:00:00,56.6
102,1999-09-23 00:00:00,58.2
102,1999-09-24 00:00:00,62.0
102,1999-09-25 00:00:00,61.4
102,1999-09-26 00:00:00,61.7
102,1999-09-27 00:00:00,60.8
102,1999-09-28 00:00:00,62.9
102,1999-09-29 00:00:00,63.9
102,1999-09-30 00:00:00,67.0
102,1999-10-01 00:00:00,68.0
102,1999-10-02 00:00:00,66.6
102,1999-10-03 00:00:00,67.5
102,1999-10-04 00:00:00,69.1
102,1999-10-05 00:00:00,65.8
102,1999-10-06 00:00:00,66.4
102,1999-10-07 00:00:00,65.8
102,1999-10-08 00:00:00,65.8
102,1999-10-09 00:00:00,66.1
102,1999-10-10 00:00:00,64.1
102,1999-10-11 00:00:00,60.0
102,1999-10-12 00:00:00,50.0
102,1999-10-13 00:00:00,48.1
102,1999-10-14 00:00:00,49.4
102,1999-10-15 00:00:00,52.2
102,1999-10-16 00:00:00,57.4
102,1999-10-17 00:00:00,57.9
102,1999-10-18 00:00:00,56.1
102,1999-10-19 00:00:00,55.3
102,1999-10-20 00:00:00,55.1
102,1999-10-21 00:00:00,56.4
102,1999-10-22 00:00:00,57.9
102,1999-10-23 00:00:00,53.9
102,1999-10-24 00:00:00,49.5
102,1999-10-25 00:00:00,46.5
102,1999-10-26 00:00:00,45.0
102,1999-10-27 00:00:00,44.7
102,1999-10-28 00:00:00,44.6
102,1999-10-29 00:00:00,48.1
102,1999-10-30 00:00:00,47.7
102,1999-10-31 00:00:00,45.8
102,1999-11-01 00:00:00,42.4
102,1999-11-02 00:00:00,43.8
102,1999-11-03 00:00:00,42.9
102,1999-11-04 00:00:00,43.2
102,1999-11-05 00:00:00,44.8
102,1999-11-06 00:00:00,45.8
102,1999-11-07 00:00:00,46.1
102,1999-11-08 00:00:00,47.3
102,1999-11-09 00:00:00,46.4
102,1999-11-10 00:00:00,39.2
102,1999-11-11 00:00:00,36.6
102,1999-11-12 00:00:00,36.3
102,1999-11-13 00:00:00,37.7
102,1999-11-14 00:00:00,39.1
102,1999-11-15 00:00:00,43.6
102,1999-11-16 00:00:00,50.1
102,1999-11-17 00:00:00,53.1
102,1999-11-18 00:00:00,52.8
102,1999-11-19 00:00:00,53.6
102,1999-11-20 00:00:00,49.5
102,1999-11-21 00:00:00,49.5
102,1999-11-22 00:00:00,48.0
102,1999-11-23 00:00:00,43.4
102,1999-11-24 00:00:00,48.2
102,1999-11-25 00:00:00,44.7
102,1999-11-26 00:00:00,39.2
102,1999-11-27 00:00:00,31.1
102,1999-11-28 00:00:00,28.8
102,1999-11-29 00:00:00,35.1
102,1999-11-30 00:00:00,31.4
102,1999-12-01 00:00:00,28.6
102,1999-12-02 00:00:00,28.1
102,1999-12-03 00:00:00,27.1
102,1999-12-04 00:00:00,29.7
102,1999-12-05 00:00:00,30.5
102,1999-12-06 00:00:00,28.6
102,1999-12-07 00:00:00,33.7
102,1999-12-08 00:00:00,31.9
102,1999-12-09 00:00:00,29.9
102,1999-12-10 00:00:00,29.8
102,1999-12-11 00:00:00,30.4
102,1999-12-12 00:00:00,31.1
102,1999-12-13 00:00:00,32.9
102,1999-12-14 00:00:00,35.0
102,1999-12-15 00:00:00,37.7
102,1999-12-16 00:00:00,36.0
102,1999-12-17 00:00:00,32.2
102,1999-12-18 00:00:00,32.0
102,1999-12-19 00:00:00,30.1
102,1999-12-20 00:00:00,29.6
102,1999-12-21 00:00:00,29.4
102,1999-12-22 00:00:00,32.5
102,1999-12-23 00:00:00,33.4
102,1999-12-24 00:00:00,27.6
102,1999-12-25 00:00:00,30.0
102,1999-12-26 00:00:00,33.5
102,1999-12-27 00:00:00,37.4
102,1999-12-28 00:00:00,44.3
102,1999-12-29 00:00:00,44.5
102,1999-12-30 00:00:00,41.8
102,1999-12-31 00:00:00,36.9
102,2000-01-01 00:00:00,33.3
102,2000-01-02 00:00:00,35.5
102,2000-01-03 00:00:00,35.5
102,2000-01-04 00:00:00,41.7
102,2000-01-05 00:00:00,43.2
102,2000-01-06 00:00:00,36.7
102,2000-01-07 00:00:00,36.8
102,2000-01-08 00:00:00,33.6
102,2000-01-09 00:00:00,33.4
102,2000-01-10 00:00:00,31.1
102,2000-01-11 00:00:00,28.0
102,2000-01-12 00:00:00,28.3
102,2000-01-13 00:00:00,28.3
102,2000-01-14 00:00:00,26.9
102,2000-01-15 00:00:00,26.3
102,2000-01-16 00:00:00,24.4
102,2000-01-17 00:00:00,21.6
102,2000-01-18 00:00:00,23.5
102,2000-01-19 00:00:00,34.2
102,2000-01-20 00:00:00,38.0
102,2000-01-21 00:00:00,26.5
102,2000-01-22 00:00:00,25.9
102,2000-01-23 00:00:00,28.1
102,2000-01-24 00:00:00,25.5
102,2000-01-25 00:00:00,27.2
102,2000-01-26 00:00:00,29.0
102,2000-01-27 00:00:00,28.0
102,2000-01-28 00:00:00,25.4
102,2000-01-29 00:00:00,20.9
102,2000-01-30 00:00:00,17.6
102,2000-01-31 00:00:00,20.9
102,2000-02-01 00:00:00,26.4
102,2000-02-02 00:00:00,25.9
102,2000-02-03 00:00:00,25.4
102,2000-02-04 00:00:00,24.9
102,2000-02-05 00:00:00,29.8
102,2000-02-06 00:00:00,28.8
102,2000-02-07 00:00:00,24.1
102,2000-02-08 00:00:00,22.5
102,2000-02-09 00:00:00,22.8
102,2000-02-10 00:00:00,25.2
102,2000-02-11 00:00:00,25.6
102,2000-02-12 00:00:00,27.3
102,2000-02-13 00:00:00,28.9
102,2000-02-14 00:00:00,33.4
102,2000-02-15 00:00:00,34.0
102,2000-02-16 00:00:00,36.7
102,2000-02-17 00:00:00,34.6
102,2000-02-18 00:00:00,33.3
102,2000-02-19 00:00:00,34.5
102,2000-02-20 00:00:00,32.1
102,2000-02-21 00:00:00,30.6
102,2000-02-22 00:00:00,35.3
102,2000-02-23 00:00:00,39.7
102,2000-02-24 00:00:00,43.1
102,2000-02-25 00:00:00,37.3
102,2000-02-26 00:00:00,33.4
102,2000-02-27 00:00:00,33.3
102,2000-02-28 00:00:00,31.9
102,2000-02-29 00:00:00,30.0
102,2000-03-01 00:00:00,31.6
102,2000-03-02 00:00:00,32.5
102,2000-03-03 00:00:00,32.8
102,2000-03-04 00:00:00,36.6
102,2000-03-05 00:00:00,39.8
102,2000-03-06 00:00:00,41.6
102,2000-03-07 00:00:00,46.5
102,2000-03-08 00:00:00,34.0
102,2000-03-09 00:00:00,33.6
102,2000-03-10 00:00:00,35.1
102,2000-03-11 00:00:00,37.5
102,2000-03-12 00:00:00,32.6
102,2000-03-13 00:00:00,39.2
102,2000-03-14 00:00:00,31.0
102,2000-03-15 00:00:00,28.5
102,2000-03-16 00:00:00,31.0
102,2000-03-17 00:00:00,37.3
102,2000-03-18 00:00:00,43.0
102,2000-03-19 00:00:00,49.2
102,2000-03-20 00:00:00,47.6
102,2000-03-21 00:00:00,51.4
102,2000-03-22 00:00:00,46.4
102,2000-03-23 00:00:00,48.2
102,2000-03-24 00:00:00,46.2
102,2000-03-25 00:00:00,41.2
102,2000-03-26 00:00:00,43.6
102,2000-03-27 00:00:00,44.3
102,2000-03-28 00:00:00,47.4
102,2000-03-29 00:00:00,52.3
102,2000-03-30 00:00:00,53.6
102,2000-03-31 00:00:00,51.7
102,2000-04-01 00:00:00,55.0
102,2000-04-02 00:00:00,58.2
102,2000-04-03 00:00:00,60.4
102,2000-04-04 00:00:00,60.7
102,2000-04-05 00:00:00,59.6
102,2000-04-06 00:00:00,60.3
102,2000-04-07 00:00:00,60.8
102,2000-04-08 00:00:00,59.8
102,2000-04-09 00:00:00,55.0
102,2000-04-10 00:00:00,47.5
102,2000-04-11 00:00:00,52.0
102,2000-04-12 00:00:00,58.4
102,2000-04-13 00:00:00,59.6
102,2000-04-14 00:00:00,63.0
102,2000-04-15 00:00:00,64.7
102,2000-04-16 00:00:00,58.3
102,2000-04-17 00:00:00,61.1
102,2000-04-18 00:00:00,63.7
102,2000-04-19 00:00:00,64.6
102,2000-04-20 00:00:00,59.7
102,2000-04-21 00:00:00,58.8
102,2000-04-22 00:00:00,58.3
102,2000-04-23 00:00:00,56.6
102,2000-04-24 00:00:00,59.6
102,2000-04-25 00:00:00,61.2
102,2000-04-26 00:00:00,63.4
102,2000-04-27 00:00:00,65.9
102,2000-04-28 00:00:00,69.3
102,2000-04-29 00:00:00,61.1
102,2000-04-30 00:00:00,58.6
102,2000-05-01 00:00:00,61.1
102,2000-05-02 00:00:00,63.2
102,2000-05-03 00:00:00,61.8
102,2000-05-04 00:00:00,50.5
102,2000-05-05 00:00:00,58.7
102,2000-05-06 00:00:00,60.3
102,2000-05-07 00:00:00,60.7
102,2000-05-08 00:00:00,59.7
102,2000-05-09 00:00:00,51.6
102,2000-05-10 00:00:00,54.4
102,2000-05-11 00:00:00,61.3
102,2000-05-12 00:00:00,65.1
102,2000-05-13 00:00:00,64.1
102,2000-05-14 00:00:00,62.7
102,2000-05-15 00:00:00,61.7
102,2000-05-16 00:00:00,63.0
102,2000-05-17 00:00:00,63.4
102,2000-05-18 00:00:00,57.8
102,2000-05-19 00:00:00,54.3
102,2000-05-20 00:00:00,59.2
102,2000-05-21 00:00:00,66.6
102,2000-05-22 00:00:00,67.9
102,2000-05-23 00:00:00,71.4
102,2000-05-24 00:00:00,69.1
102,2000-05-25 00:00:00,69.5
102,2000-05-26 00:00:00,71.0
102,2000-05-27 00:00:00,65.8
102,2000-05-28 00:00:00,66.6
102,2000-05-29 00:00:00,69.3
102,2000-05-30 00:00:00,70.4
102,2000-05-31 00:00:00,65.4
102,2000-06-01 00:00:00,70.7
102,2000-06-02 00:00:00,74.9
102,2000-06-03 00:00:00,76.0
102,2000-06-04 00:00:00,79.4
102,2000-06-05 00:00:00,72.0
102,2000-06-06 00:00:00,73.1
102,2000-06-07 00:00:00,77.6
102,2000-06-08 00:00:00,77.3
102,2000-06-09 00:00:00,74.5
102,2000-06-10 00:00:00,70.9
102,2000-06-11 00:00:00,68.5
102,2000-06-12 00:00:00,64.7
102,2000-06-13 00:00:00,65.7
102,2000-06-14 00:00:00,65.3
102,2000-06-15 00:00:00,68.9
102,2000-06-16 00:00:00,73.4
102,2000-06-17 00:00:00,77.7
102,2000-06-18 00:00:00,81.5
102,2000-06-19 00:00:00,75.9
102,2000-06-20 00:00:00,70.7
102,2000-06-21 00:00:00,68.0
102,2000-06-22 00:00:00,71.7
102,2000-06-23 00:00:00,74.1
102,2000-06-24 00:00:00,70.9
102,2000-06-25 00:00:00,71.0
102,2000-06-26 00:00:00,73.6
102,2000-06-27 00:00:00,75.0
102,2000-06-28 00:00:00,81.1
102,2000-06-29 00:00:00,82.4
102,2000-06-30 00:00:00,84.7
102,2000-07-01 00:00:00,86.3
102,2000-07-02 00:00:00,83.5
102,2000-07-03 00:00:00,78.9
102,2000-07-04 00:00:00,81.0
102,2000-07-05 00:00:00,83.6
102,2000-07-06 00:00:00,82.3
102,2000-07-07 00:00:00,85.2
102,2000-07-08 00:00:00,79.7
102,2000-07-09 00:00:00,77.7
102,2000-07-10 00:00:00,83.1
102,2000-07-11 00:00:00,86.3
102,2000-07-12 00:00:00,83.4
102,2000-07-13 00:00:00,83.6
102,2000-07-14 00:00:00,84.6
102,2000-07-15 00:00:00,89.4
102,2000-07-16 00:00:00,89.2
102,2000-07-17 00:00:00,88.9
102,2000-07-18 00:00:00,86.8
102,2000-07-19 00:00:00,81.5
102,2000-07-20 00:00:00,83.8
102,2000-07-21 00:00:00,87.5
102,2000-07-22 00:00:00,90.7
102,2000-07-23 00:00:00,89.0
102,2000-07-24 00:00:00,89.8
102,2000-07-25 00:00:00,84.5
102,2000-07-26 00:00:00,85.9
102,2000-07-27 00:00:00,87.1
102,2000-07-28 00:00:00,86.8
102,2000-07-29 00:00:00,87.6
102,2000-07-30 00:00:00,89.5
102,2000-07-31 00:00:00,91.1
102,2000-08-01 00:00:00,89.0
102,2000-08-02 00:00:00,90.1
102,2000-08-03 00:00:00,82.2
102,2000-08-04 00:00:00,77.2
102,2000-08-05 00:00:00,76.9
102,2000-08-06 00:00:00,74.7
102,2000-08-07 00:00:00,79.7
102,2000-08-08 00:00:00,81.4
102,2000-08-09 00:00:00,84.4
102,2000-08-10 00:00:00,85.2
102,2000-08-11 00:00:00,84.0
102,2000-08-12 00:00:00,84.7
102,2000-08-13 00:00:00,87.6
102,2000-08-14 00:00:00,86.1
102,2000-08-15 00:00:00,81.2
102,2000-08-16 00:00:00,78.7
102,2000-08-17 00:00:00,81.1
102,2000-08-18 00:00:00,81.5
102,2000-08-19 00:00:00,83.9
102,2000-08-20 00:00:00,82.2
102,2000-08-21 00:00:00,80.1
102,2000-08-22 00:00:00,81.2
102,2000-08-23 00:00:00,82.2
102,2000-08-24 00:00:00,82.8
102,2000-08-25 00:00:00,78.4
102,2000-08-26 00:00:00,75.9
102,2000-08-27 00:00:00,77.3
102,2000-08-28 00:00:00,76.2
102,2000-08-29 00:00:00,70.0
102,2000-08-30 00:00:00,70.7
102,2000-08-31 00:00:00,71.2
102,2000-09-01 00:00:00,67.8
102,2000-09-02 00:00:00,68.7
102,2000-09-03 00:00:00,72.4
102,2000-09-04 00:00:00,75.4
102,2000-09-05 00:00:00,79.4
102,2000-09-06 00:00:00,78.8
102,2000-09-07 00:00:00,74.4
102,2000-09-08 00:00:00,75.2
102,2000-09-09 00:00:00,75.4
102,2000-09-10 00:00:00,65.3
102,2000-09-11 00:00:00,65.1
102,2000-09-12 00:00:00,68.4
102,2000-09-13 00:00:00,74.8
102,2000-09-14 00:00:00,75.9
102,2000-09-15 00:00:00,72.4
102,2000-09-16 00:00:00,73.0
102,2000-09-17 00:00:00,71.9
102,2000-09-18 00:00:00,71.8
102,2000-09-19 00:00:00,72.5
102,2000-09-20 00:00:00,70.5
102,2000-09-21 00:00:00,71.1
102,2000-09-22 00:00:00,68.9
102,2000-09-23 00:00:00,69.7
102,2000-09-24 00:00:00,70.8
102,2000-09-25 00:00:00,70.4
102,2000-09-26 00:00:00,68.1
102,2000-09-27 00:00:00,65.3
102,2000-09-28 00:00:00,64.3
102,2000-09-29 00:00:00,64.2
102,2000-09-30 00:00:00,62.1
102,2000-10-01 00:00:00,61.4
102,2000-10-02 00:00:00,61.0
102,2000-10-03 00:00:00,56.5
102,2000-10-04 00:00:00,58.3
102,2000-10-05 00:00:00,56.4
102,2000-10-06 00:00:00,58.5
102,2000-10-07 00:00:00,60.3
102,2000-10-08 00:00:00,60.8
102,2000-10-09 00:00:00,62.7
102,2000-10-10 00:00:00,61.9
102,2000-10-11 00:00:00,66.0
102,2000-10-12 00:00:00,63.3
102,2000-10-13 00:00:00,60.1
102,2000-10-14 00:00:00,55.7
102,2000-10-15 00:00:00,54.7
102,2000-10-16 00:00:00,51.4
102,2000-10-17 00:00:00,53.6
102,2000-10-18 00:00:00,51.4
102,2000-10-19 00:00:00,52.1
102,2000-10-20 00:00:00,51.0
102,2000-10-21 00:00:00,49.2
102,2000-10-22 00:00:00,49.7
102,2000-10-23 00:00:00,50.1
102,2000-10-24 00:00:00,51.1
102,2000-10-25 00:00:00,51.1
102,2000-10-26 00:00:00,48.4
102,2000-10-27 00:00:00,49.0
102,2000-10-28 00:00:00,49.7
102,2000-10-29 00:00:00,49.1
102,2000-10-30 00:00:00,50.4
102,2000-10-31 00:00:00,50.3
102,2000-11-01 00:00:00,50.3
102,2000-11-02 00:00:00,49.1
102,2000-11-03 00:00:00,49.6
102,2000-11-04 00:00:00,46.0
102,2000-11-05 00:00:00,47.5
102,2000-11-06 00:00:00,46.9
102,2000-11-07 00:00:00,45.5
102,2000-11-08 00:00:00,44.9
102,2000-11-09 00:00:00,44.3
102,2000-11-10 00:00:00,39.2
102,2000-11-11 00:00:00,40.3
102,2000-11-12 00:00:00,45.9
102,2000-11-13 00:00:00,44.8
102,2000-11-14 00:00:00,39.0
102,2000-11-15 00:00:00,38.4
102,2000-11-16 00:00:00,37.4
102,2000-11-17 00:00:00,36.0
102,2000-11-18 00:00:00,35.7
102,2000-11-19 00:00:00,39.9
102,2000-11-20 00:00:00,41.9
102,2000-11-21 00:00:00,42.3
102,2000-11-22 00:00:00,41.1
102,2000-11-23 00:00:00,39.6
102,2000-11-24 00:00:00,37.2
102,2000-11-25 00:00:00,34.7
102,2000-11-26 00:00:00,34.5
102,2000-11-27 00:00:00,35.1
102,2000-11-28 00:00:00,35.7
102,2000-11-29 00:00:00,38.4
102,2000-11-30 00:00:00,36.4
102,2000-12-01 00:00:00,39.7
102,2000-12-02 00:00:00,40.5
102,2000-12-03 00:00:00,37.9
102,2000-12-04 00:00:00,33.3
102,2000-12-05 00:00:00,31.7
102,2000-12-06 00:00:00,32.7
102,2000-12-07 00:00:00,34.0
102,2000-12-08 00:00:00,33.6
102,2000-12-09 00:00:00,33.4
102,2000-12-10 00:00:00,33.6
102,2000-12-11 00:00:00,37.7
102,2000-12-12 00:00:00,36.0
102,2000-12-13 00:00:00,37.0
102,2000-12-14 00:00:00,37.0
102,2000-12-15 00:00:00,37.4
102,2000-12-16 00:00:00,34.2
102,2000-12-17 00:00:00,33.4
102,2000-12-18 00:00:00,39.0
102,2000-12-19 00:00:00,41.5
102,2000-12-20 00:00:00,40.4
102,2000-12-21 00:00:00,36.0
102,2000-12-22 00:00:00,26.8
102,2000-12-23 00:00:00,24.0
102,2000-12-24 00:00:00,28.9
102,2000-12-25 00:00:00,31.3
102,2000-12-26 00:00:00,32.4
102,2000-12-27 00:00:00,32.9
102,2000-12-28 00:00:00,29.1
102,2000-12-29 00:00:00,27.4
102,2000-12-30 00:00:00,29.4
102,2000-12-31 00:00:00,28.7
102,2001-01-01 00:00:00,28.3
102,2001-01-02 00:00:00,27.0
102,2001-01-03 00:00:00,28.3
102,2001-01-04 00:00:00,28.4
102,2001-01-05 00:00:00,27.5
102,2001-01-06 00:00:00,27.0
102,2001-01-07 00:00:00,26.8
102,2001-01-08 00:00:00,26.6
102,2001-01-09 00:00:00,26.3
102,2001-01-10 00:00:00,25.4
102,2001-01-11 00:00:00,25.3
102,2001-01-12 00:00:00,26.7
102,2001-01-13 00:00:00,26.8
102,2001-01-14 00:00:00,28.9
102,2001-01-15 00:00:00,34.4
102,2001-01-16 00:00:00,36.1
102,2001-01-17 00:00:00,36.8
102,2001-01-18 00:00:00,33.9
102,2001-01-19 00:00:00,35.4
102,2001-01-20 00:00:00,32.2
102,2001-01-21 00:00:00,29.1
102,2001-01-22 00:00:00,30.2
102,2001-01-23 00:00:00,27.8
102,2001-01-24 00:00:00,26.3
102,2001-01-25 00:00:00,25.0
102,2001-01-26 00:00:00,24.2
102,2001-01-27 00:00:00,23.8
102,2001-01-28 00:00:00,20.1
102,2001-01-29 00:00:00,21.7
102,2001-01-30 00:00:00,25.4
102,2001-01-31 00:00:00,25.7
102,2001-02-01 00:00:00,28.7
102,2001-02-02 00:00:00,31.2
102,2001-02-03 00:00:00,33.5
102,2001-02-04 00:00:00,33.0
102,2001-02-05 00:00:00,34.5
102,2001-02-06 00:00:00,32.6
102,2001-02-07 00:00:00,36.9
102,2001-02-08 00:00:00,39.4
102,2001-02-09 00:00:00,34.2
102,2001-02-10 00:00:00,33.7
102,2001-02-11 00:00:00,34.9
102,2001-02-12 00:00:00,34.8
102,2001-02-13 00:00:00,35.1
102,2001-02-14 00:00:00,30.6
102,2001-02-15 00:00:00,37.6
102,2001-02-16 00:00:00,37.2
102,2001-02-17 00:00:00,37.0
102,2001-02-18 00:00:00,36.8
102,2001-02-19 00:00:00,37.5
102,2001-02-20 00:00:00,47.0
102,2001-02-21 00:00:00,32.3
102,2001-02-22 00:00:00,29.0
102,2001-02-23 00:00:00,30.4
102,2001-02-24 00:00:00,37.2
102,2001-02-25 00:00:00,45.9
102,2001-02-26 00:00:00,44.4
102,2001-02-27 00:00:00,40.5
102,2001-02-28 00:00:00,48.4
102,2001-03-01 00:00:00,53.7
102,2001-03-02 00:00:00,51.3
102,2001-03-03 00:00:00,44.2
102,2001-03-04 00:00:00,44.4
102,2001-03-05 00:00:00,48.2
102,2001-03-06 00:00:00,51.2
102,2001-03-07 00:00:00,51.8
102,2001-03-08 00:00:00,52.8
102,2001-03-09 00:00:00,46.0
102,2001-03-10 00:00:00,43.1
102,2001-03-11 00:00:00,43.2
102,2001-03-12 00:00:00,45.5
102,2001-03-13 00:00:00,50.1
102,2001-03-14 00:00:00,52.4
102,2001-03-15 00:00:00,49.6
102,2001-03-16 00:00:00,47.0
102,2001-03-17 00:00:00,44.7
102,2001-03-18 00:00:00,47.1
102,2001-03-19 00:00:00,51.0
102,2001-03-20 00:00:00,58.0
102,2001-03-21 00:00:00,52.7
102,2001-03-22 00:00:00,50.8
102,2001-03-23 00:00:00,53.8
102,2001-03-24 00:00:00,49.5
102,2001-03-25 00:00:00,40.0
102,2001-03-26 00:00:00,44.7
102,2001-03-27 00:00:00,53.2
102,2001-03-28 00:00:00,62.2
102,2001-03-29 00:00:00,58.2
102,2001-03-30 00:00:00,51.7
102,2001-03-31 00:00:00,53.8
102,2001-04-01 00:00:00,59.3
102,2001-04-02 00:00:00,61.8
102,2001-04-03 00:00:00,57.5
102,2001-04-04 00:00:00,55.1
102,2001-04-05 00:00:00,57.9
102,2001-04-06 00:00:00,56.4
102,2001-04-07 00:00:00,56.9
102,2001-04-08 00:00:00,60.3
102,2001-04-09 00:00:00,50.5
102,2001-04-10 00:00:00,54.4
102,2001-04-11 00:00:00,54.4
102,2001-04-12 00:00:00,50.9
102,2001-04-13 00:00:00,50.4
102,2001-04-14 00:00:00,54.0
102,2001-04-15 00:00:00,54.4
102,2001-04-16 00:00:00,55.0
102,2001-04-17 00:00:00,55.2
102,2001-04-18 00:00:00,55.6
102,2001-04-19 00:00:00,57.3
102,2001-04-20 00:00:00,55.5
102,2001-04-21 00:00:00,56.9
102,2001-04-22 00:00:00,59.6
102,2001-04-23 00:00:00,60.3
102,2001-04-24 00:00:00,63.7
102,2001-04-25 00:00:00,53.1
102,2001-04-26 00:00:00,53.0
102,2001-04-27 00:00:00,52.0
102,2001-04-28 00:00:00,55.2
102,2001-04-29 00:00:00,58.1
102,2001-04-30 00:00:00,64.4
102,2001-05-01 00:00:00,62.4
102,2001-05-02 00:00:00,59.3
102,2001-05-03 00:00:00,58.3
102,2001-05-04 00:00:00,60.1
102,2001-05-05 00:00:00,61.5
102,2001-05-06 00:00:00,56.7
102,2001-05-07 00:00:00,58.9
102,2001-05-08 00:00:00,59.2
102,2001-05-09 00:00:00,58.3
102,2001-05-10 00:00:00,57.6
102,2001-05-11 00:00:00,57.4
102,2001-05-12 00:00:00,61.5
102,2001-05-13 00:00:00,61.4
102,2001-05-14 00:00:00,68.0
102,2001-05-15 00:00:00,60.3
102,2001-05-16 00:00:00,62.0
102,2001-05-17 00:00:00,64.0
102,2001-05-18 00:00:00,59.4
102,2001-05-19 00:00:00,60.8
102,2001-05-20 00:00:00,63.4
102,2001-05-21 00:00:00,60.4
102,2001-05-22 00:00:00,62.0
102,2001-05-23 00:00:00,67.3
102,2001-05-24 00:00:00,59.9
102,2001-05-25 00:00:00,57.9
102,2001-05-26 00:00:00,63.0
102,2001-05-27 00:00:00,68.5
102,2001-05-28 00:00:00,65.9
102,2001-05-29 00:00:00,57.0
102,2001-05-30 00:00:00,62.4
102,2001-05-31 00:00:00,62.3
102,2001-06-01 00:00:00,64.2
102,2001-06-02 00:00:00,70.9
102,2001-06-03 00:00:00,77.6
102,2001-06-04 00:00:00,76.6
102,2001-06-05 00:00:00,79.1
102,2001-06-06 00:00:00,77.4
102,2001-06-07 00:00:00,66.5
102,2001-06-08 00:00:00,68.5
102,2001-06-09 00:00:00,66.6
102,2001-06-10 00:00:00,63.5
102,2001-06-11 00:00:00,71.6
102,2001-06-12 00:00:00,74.4
102,2001-06-13 00:00:00,77.7
102,2001-06-14 00:00:00,80.0
102,2001-06-15 00:00:00,81.1
102,2001-06-16 00:00:00,80.0
102,2001-06-17 00:00:00,71.4
102,2001-06-18 00:00:00,67.9
102,2001-06-19 00:00:00,71.6
102,2001-06-20 00:00:00,78.5
102,2001-06-21 00:00:00,80.8
102,2001-06-22 00:00:00,84.5
102,2001-06-23 00:00:00,81.1
102,2001-06-24 00:00:00,79.0
102,2001-06-25 00:00:00,83.6
102,2001-06-26 00:00:00,80.0
102,2001-06-27 00:00:00,75.5
102,2001-06-28 00:00:00,75.4
102,2001-06-29 00:00:00,70.3
102,2001-06-30 00:00:00,70.5
102,2001-07-01 00:00:00,75.9
102,2001-07-02 00:00:00,79.8
102,2001-07-03 00:00:00,75.7
102,2001-07-04 00:00:00,77.3
102,2001-07-05 00:00:00,80.2
102,2001-07-06 00:00:00,79.8
102,2001-07-07 00:00:00,77.5
102,2001-07-08 00:00:00,79.1
102,2001-07-09 00:00:00,76.4
102,2001-07-10 00:00:00,74.5
102,2001-07-11 00:00:00,77.7
102,2001-07-12 00:00:00,81.6
102,2001-07-13 00:00:00,80.3
102,2001-07-14 00:00:00,80.3
102,2001-07-15 00:00:00,81.1
102,2001-07-16 00:00:00,76.4
102,2001-07-17 00:00:00,72.7
102,2001-07-18 00:00:00,74.2
102,2001-07-19 00:00:00,78.3
102,2001-07-20 00:00:00,75.9
102,2001-07-21 00:00:00,76.6
102,2001-07-22 00:00:00,77.3
102,2001-07-23 00:00:00,82.9
102,2001-07-24 00:00:00,85.2
102,2001-07-25 00:00:00,83.7
102,2001-07-26 00:00:00,89.0
102,2001-07-27 00:00:00,89.4
102,2001-07-28 00:00:00,91.0
102,2001-07-29 00:00:00,90.0
102,2001-07-30 00:00:00,90.6
102,2001-07-31 00:00:00,89.1
102,2001-08-01 00:00:00,89.3
102,2001-08-02 00:00:00,86.9
102,2001-08-03 00:00:00,87.8
102,2001-08-04 00:00:00,83.5
102,2001-08-05 00:00:00,82.6
102,2001-08-06 00:00:00,83.0
102,2001-08-07 00:00:00,84.6
102,2001-08-08 00:00:00,82.4
102,2001-08-09 00:00:00,81.5
102,2001-08-10 00:00:00,81.7
102,2001-08-11 00:00:00,79.3
102,2001-08-12 00:00:00,79.5
102,2001-08-13 00:00:00,82.2
102,2001-08-14 00:00:00,84.2
102,2001-08-15 00:00:00,85.4
102,2001-08-16 00:00:00,81.9
102,2001-08-17 00:00:00,80.3
102,2001-08-18 00:00:00,77.2
102,2001-08-19 00:00:00,77.0
102,2001-08-20 00:00:00,78.7
102,2001-08-21 00:00:00,80.4
102,2001-08-22 00:00:00,83.1
102,2001-08-23 00:00:00,82.5
102,2001-08-24 00:00:00,80.4
102,2001-08-25 00:00:00,75.4
102,2001-08-26 00:00:00,73.9
102,2001-08-27 00:00:00,72.7
102,2001-08-28 00:00:00,73.9
102,2001-08-29 00:00:00,74.5
102,2001-08-30 00:00:00,73.2
102,2001-08-31 00:00:00,73.2
102,2001-09-01 00:00:00,66.6
102,2001-09-02 00:00:00,72.2
102,2001-09-03 00:00:00,73.0
102,2001-09-04 00:00:00,75.4
102,2001-09-05 00:00:00,71.1
102,2001-09-06 00:00:00,73.6
102,2001-09-07 00:00:00,73.9
102,2001-09-08 00:00:00,75.6
102,2001-09-09 00:00:00,72.4
102,2001-09-10 00:00:00,70.9
102,2001-09-11 00:00:00,74.2
102,2001-09-12 00:00:00,78.3
102,2001-09-13 00:00:00,79.0
102,2001-09-14 00:00:00,73.9
102,2001-09-15 00:00:00,72.0
102,2001-09-16 00:00:00,71.8
102,2001-09-17 00:00:00,73.6
102,2001-09-18 00:00:00,73.1
102,2001-09-19 00:00:00,68.4
102,2001-09-20 00:00:00,65.5
102,2001-09-21 00:00:00,63.6
102,2001-09-22 00:00:00,62.9
102,2001-09-23 00:00:00,68.3
102,2001-09-24 00:00:00,70.2
102,2001-09-25 00:00:00,70.5
102,2001-09-26 00:00:00,71.8
102,2001-09-27 00:00:00,71.1
102,2001-09-28 00:00:00,73.2
102,2001-09-29 00:00:00,68.4
102,2001-09-30 00:00:00,64.2
102,2001-10-01 00:00:00,61.8
102,2001-10-02 00:00:00,59.7
102,2001-10-03 00:00:00,59.2
102,2001-10-04 00:00:00,61.7
102,2001-10-05 00:00:00,61.4
102,2001-10-06 00:00:00,61.2
102,2001-10-07 00:00:00,59.7
102,2001-10-08 00:00:00,62.9
102,2001-10-09 00:00:00,63.1
102,2001-10-10 00:00:00,65.3
102,2001-10-11 00:00:00,62.8
102,2001-10-12 00:00:00,62.4
102,2001-10-13 00:00:00,60.1
102,2001-10-14 00:00:00,52.1
102,2001-10-15 00:00:00,55.3
102,2001-10-16 00:00:00,61.2
102,2001-10-17 00:00:00,56.1
102,2001-10-18 00:00:00,53.6
102,2001-10-19 00:00:00,51.6
102,2001-10-20 00:00:00,51.1
102,2001-10-21 00:00:00,50.7
102,2001-10-22 00:00:00,50.1
102,2001-10-23 00:00:00,51.3
102,2001-10-24 00:00:00,47.8
102,2001-10-25 00:00:00,47.1
102,2001-10-26 00:00:00,40.4
102,2001-10-27 00:00:00,38.3
102,2001-10-28 00:00:00,44.8
102,2001-10-29 00:00:00,46.1
102,2001-10-30 00:00:00,47.3
102,2001-10-31 00:00:00,48.9
102,2001-11-01 00:00:00,48.5
102,2001-11-02 00:00:00,47.3
102,2001-11-03 00:00:00,46.0
102,2001-11-04 00:00:00,46.7
102,2001-11-05 00:00:00,48.0
102,2001-11-06 00:00:00,50.6
102,2001-11-07 00:00:00,50.9
102,2001-11-08 00:00:00,48.4
102,2001-11-09 00:00:00,53.3
102,2001-11-10 00:00:00,51.3
102,2001-11-11 00:00:00,54.5
102,2001-11-12 00:00:00,48.7
102,2001-11-13 00:00:00,44.4
102,2001-11-14 00:00:00,46.1
102,2001-11-15 00:00:00,46.9
102,2001-11-16 00:00:00,46.6
102,2001-11-17 00:00:00,40.5
102,2001-11-18 00:00:00,31.0
102,2001-11-19 00:00:00,29.6
102,2001-11-20 00:00:00,31.7
102,2001-11-21 00:00:00,34.0
102,2001-11-22 00:00:00,29.5
102,2001-11-23 00:00:00,22.6
102,2001-11-24 00:00:00,20.7
102,2001-11-25 00:00:00,27.2
102,2001-11-26 00:00:00,29.9
102,2001-11-27 00:00:00,29.4
102,2001-11-28 00:00:00,32.6
102,2001-11-29 00:00:00,28.0
102,2001-11-30 00:00:00,26.6
102,2001-12-01 00:00:00,30.4
102,2001-12-02 00:00:00,33.9
102,2001-12-03 00:00:00,36.1
102,2001-12-04 00:00:00,34.5
102,2001-12-05 00:00:00,35.7
102,2001-12-06 00:00:00,36.3
102,2001-12-07 00:00:00,38.4
102,2001-12-08 00:00:00,40.3
102,2001-12-09 00:00:00,41.2
102,2001-12-10 00:00:00,39.8
102,2001-12-11 00:00:00,36.7
102,2001-12-12 00:00:00,38.0
102,2001-12-13 00:00:00,36.3
102,2001-12-14 00:00:00,39.0
102,2001-12-15 00:00:00,37.0
102,2001-12-16 00:00:00,29.9
102,2001-12-17 00:00:00,31.4
102,2001-12-18 00:00:00,37.0
102,2001-12-19 00:00:00,41.6
102,2001-12-20 00:00:00,31.6
102,2001-12-21 00:00:00,25.0
102,2001-12-22 00:00:00,20.9
102,2001-12-23 00:00:00,23.2
102,2001-12-24 00:00:00,28.2
102,2001-12-25 00:00:00,32.3
102,2001-12-26 00:00:00,35.0
102,2001-12-27 00:00:00,39.4
102,2001-12-28 00:00:00,38.7
102,2001-12-29 00:00:00,38.2
102,2001-12-30 00:00:00,38.7
102,2001-12-31 00:00:00,31.1
102,2002-01-01 00:00:00,30.7
102,2002-01-02 00:00:00,33.8
102,2002-01-03 00:00:00,46.9
102,2002-01-04 00:00:00,33.5
102,2002-01-05 00:00:00,27.6
102,2002-01-06 00:00:00,34.8
102,2002-01-07 00:00:00,38.0
102,2002-01-08 00:00:00,32.1
102,2002-01-09 00:00:00,25.6
102,2002-01-10 00:00:00,19.6
102,2002-01-11 00:00:00,17.3
102,2002-01-12 00:00:00,17.3
102,2002-01-13 00:00:00,20.8
102,2002-01-14 00:00:00,20.3
102,2002-01-15 00:00:00,18.9
102,2002-01-16 00:00:00,19.5
102,2002-01-17 00:00:00,20.2
102,2002-01-18 00:00:00,20.5
102,2002-01-19 00:00:00,20.7
102,2002-01-20 00:00:00,21.9
102,2002-01-21 00:00:00,26.6
102,2002-01-22 00:00:00,28.0
102,2002-01-23 00:00:00,28.3
102,2002-01-24 00:00:00,25.3
102,2002-01-25 00:00:00,23.8
102,2002-01-26 00:00:00,23.5
102,2002-01-27 00:00:00,23.2
102,2002-01-28 00:00:00,22.5
102,2002-01-29 00:00:00,27.6
102,2002-01-30 00:00:00,33.0
102,2002-01-31 00:00:00,37.3
102,2002-02-01 00:00:00,39.3
102,2002-02-02 00:00:00,39.4
102,2002-02-03 00:00:00,36.8
102,2002-02-04 00:00:00,35.9
102,2002-02-05 00:00:00,34.1
102,2002-02-06 00:00:00,35.4
102,2002-02-07 00:00:00,35.5
102,2002-02-08 00:00:00,34.3
102,2002-02-09 00:00:00,35.4
102,2002-02-10 00:00:00,36.8
102,2002-02-11 00:00:00,34.7
102,2002-02-12 00:00:00,38.2
102,2002-02-13 00:00:00,38.9
102,2002-02-14 00:00:00,41.7
102,2002-02-15 00:00:00,44.4
102,2002-02-16 00:00:00,31.6
102,2002-02-17 00:00:00,27.1
102,2002-02-18 00:00:00,26.9
102,2002-02-19 00:00:00,31.9
102,2002-02-20 00:00:00,34.0
102,2002-02-21 00:00:00,35.8
102,2002-02-22 00:00:00,38.7
102,2002-02-23 00:00:00,43.1
102,2002-02-24 00:00:00,42.8
102,2002-02-25 00:00:00,45.1
102,2002-02-26 00:00:00,43.6
102,2002-02-27 00:00:00,34.7
102,2002-02-28 00:00:00,33.6
102,2002-03-01 00:00:00,39.1
102,2002-03-02 00:00:00,42.3
102,2002-03-03 00:00:00,45.0
102,2002-03-04 00:00:00,48.0
102,2002-03-05 00:00:00,47.4
102,2002-03-06 00:00:00,39.9
102,2002-03-07 00:00:00,42.1
102,2002-03-08 00:00:00,49.5
102,2002-03-09 00:00:00,40.5
102,2002-03-10 00:00:00,35.0
102,2002-03-11 00:00:00,43.7
102,2002-03-12 00:00:00,45.2
102,2002-03-13 00:00:00,47.7
102,2002-03-14 00:00:00,50.3
102,2002-03-15 00:00:00,48.8
102,2002-03-16 00:00:00,47.5
102,2002-03-17 00:00:00,49.8
102,2002-03-18 00:00:00,46.2
102,2002-03-19 00:00:00,44.8
102,2002-03-20 00:00:00,44.8
102,2002-03-21 00:00:00,45.8
102,2002-03-22 00:00:00,43.4
102,2002-03-23 00:00:00,47.4
102,2002-03-24 00:00:00,48.5
102,2002-03-25 00:00:00,57.6
102,2002-03-26 00:00:00,56.5
102,2002-03-27 00:00:00,48.8
102,2002-03-28 00:00:00,47.4
102,2002-03-29 00:00:00,44.8
102,2002-03-30 00:00:00,47.5
102,2002-03-31 00:00:00,48.9
102,2002-04-01 00:00:00,51.4
102,2002-04-02 00:00:00,52.0
102,2002-04-03 00:00:00,47.8
102,2002-04-04 00:00:00,49.5
102,2002-04-05 00:00:00,51.5
102,2002-04-06 00:00:00,51.1
102,2002-04-07 00:00:00,50.2
102,2002-04-08 00:00:00,46.5
102,2002-04-09 00:00:00,43.0
102,2002-04-10 00:00:00,41.8
102,2002-04-11 00:00:00,43.7
102,2002-04-12 00:00:00,49.9
102,2002-04-13 00:00:00,52.5
102,2002-04-14 00:00:00,55.1
102,2002-04-15 00:00:00,57.1
102,2002-04-16 00:00:00,59.5
102,2002-04-17 00:00:00,56.4
102,2002-04-18 00:00:00,56.7
102,2002-04-19 00:00:00,53.8
102,2002-04-20 00:00:00,58.0
102,2002-04-21 00:00:00,49.6
102,2002-04-22 00:00:00,49.0
102,2002-04-23 00:00:00,49.9
102,2002-04-24 00:00:00,52.0
102,2002-04-25 00:00:00,49.5
102,2002-04-26 00:00:00,52.6
102,2002-04-27 00:00:00,56.1
102,2002-04-28 00:00:00,55.4
102,2002-04-29 00:00:00,55.0
102,2002-04-30 00:00:00,54.7
102,2002-05-01 00:00:00,57.0
102,2002-05-02 00:00:00,60.3
102,2002-05-03 00:00:00,52.7
102,2002-05-04 00:00:00,49.8
102,2002-05-05 00:00:00,48.9
102,2002-05-06 00:00:00,51.2
102,2002-05-07 00:00:00,51.3
102,2002-05-08 00:00:00,54.4
102,2002-05-09 00:00:00,51.8
102,2002-05-10 00:00:00,56.5
102,2002-05-11 00:00:00,51.9
102,2002-05-12 00:00:00,57.2
102,2002-05-13 00:00:00,57.7
102,2002-05-14 00:00:00,61.8
102,2002-05-15 00:00:00,59.2
102,2002-05-16 00:00:00,55.3
102,2002-05-17 00:00:00,58.4
102,2002-05-18 00:00:00,66.1
102,2002-05-19 00:00:00,59.0
102,2002-05-20 00:00:00,69.4
102,2002-05-21 00:00:00,65.2
102,2002-05-22 00:00:00,64.5
102,2002-05-23 00:00:00,65.7
102,2002-05-24 00:00:00,60.8
102,2002-05-25 00:00:00,59.8
102,2002-05-26 00:00:00,64.8
102,2002-05-27 00:00:00,70.0
102,2002-05-28 00:00:00,73.0
102,2002-05-29 00:00:00,70.8
102,2002-05-30 00:00:00,71.6
102,2002-05-31 00:00:00,73.0
102,2002-06-01 00:00:00,63.2
102,2002-06-02 00:00:00,64.2
102,2002-06-03 00:00:00,60.7
102,2002-06-04 00:00:00,67.5
102,2002-06-05 00:00:00,65.2
102,2002-06-06 00:00:00,54.7
102,2002-06-07 00:00:00,63.7
102,2002-06-08 00:00:00,66.0
102,2002-06-09 00:00:00,71.7
102,2002-06-10 00:00:00,72.1
102,2002-06-11 00:00:00,78.7
102,2002-06-12 00:00:00,79.7
102,2002-06-13 00:00:00,72.9
102,2002-06-14 00:00:00,71.6
102,2002-06-15 00:00:00,72.0
102,2002-06-16 00:00:00,77.2
102,2002-06-17 00:00:00,74.4
102,2002-06-18 00:00:00,-99.0
102,2002-06-19 00:00:00,-99.0
102,2002-06-20 00:00:00,-99.0
102,2002-06-21 00:00:00,-99.0
102,2002-06-22 00:00:00,73.2
102,2002-06-23 00:00:00,77.1
102,2002-06-24 00:00:00,79.1
102,2002-06-25 00:00:00,81.0
102,2002-06-26 00:00:00,81.4
102,2002-06-27 00:00:00,75.4
102,2002-06-28 00:00:00,74.0
102,2002-06-29 00:00:00,67.2
102,2002-06-30 00:00:00,70.6
102,2002-07-01 00:00:00,73.7
102,2002-07-02 00:00:00,75.7
102,2002-07-03 00:00:00,74.0
102,2002-07-04 00:00:00,70.8
102,2002-07-05 00:00:00,73.8
102,2002-07-06 00:00:00,77.7
102,2002-07-07 00:00:00,76.9
102,2002-07-08 00:00:00,78.8
102,2002-07-09 00:00:00,78.0
102,2002-07-10 00:00:00,83.4
102,2002-07-11 00:00:00,81.1
102,2002-07-12 00:00:00,81.8
102,2002-07-13 00:00:00,85.1
102,2002-07-14 00:00:00,82.8
102,2002-07-15 00:00:00,79.3
102,2002-07-16 00:00:00,77.7
102,2002-07-17 00:00:00,79.6
102,2002-07-18 00:00:00,81.6
102,2002-07-19 00:00:00,85.3
102,2002-07-20 00:00:00,85.2
102,2002-07-21 00:00:00,82.8
102,2002-07-22 00:00:00,78.7
102,2002-07-23 00:00:00,78.5
102,2002-07-24 00:00:00,75.4
102,2002-07-25 00:00:00,72.0
102,2002-07-26 00:00:00,74.8
102,2002-07-27 00:00:00,80.6
102,2002-07-28 00:00:00,80.5
102,2002-07-29 00:00:00,79.0
102,2002-07-30 00:00:00,80.5
102,2002-07-31 00:00:00,80.8
102,2002-08-01 00:00:00,81.4
102,2002-08-02 00:00:00,82.1
102,2002-08-03 00:00:00,82.3
102,2002-08-04 00:00:00,79.7
102,2002-08-05 00:00:00,78.5
102,2002-08-06 00:00:00,78.4
102,2002-08-07 00:00:00,70.3
102,2002-08-08 00:00:00,77.1
102,2002-08-09 00:00:00,77.5
102,2002-08-10 00:00:00,77.9
102,2002-08-11 00:00:00,78.5
102,2002-08-12 00:00:00,80.2
102,2002-08-13 00:00:00,77.9
102,2002-08-14 00:00:00,82.0
102,2002-08-15 00:00:00,81.1
102,2002-08-16 00:00:00,77.7
102,2002-08-17 00:00:00,72.3
102,2002-08-18 00:00:00,73.0
102,2002-08-19 00:00:00,75.4
102,2002-08-20 00:00:00,80.0
102,2002-08-21 00:00:00,79.1
102,2002-08-22 00:00:00,77.9
102,2002-08-23 00:00:00,76.5
102,2002-08-24 00:00:00,76.2
102,2002-08-25 00:00:00,76.3
102,2002-08-26 00:00:00,73.3
102,2002-08-27 00:00:00,70.0
102,2002-08-28 00:00:00,69.9
102,2002-08-29 00:00:00,70.9
102,2002-08-30 00:00:00,71.6
102,2002-08-31 00:00:00,72.4
102,2002-09-01 00:00:00,74.5
102,2002-09-02 00:00:00,75.6
102,2002-09-03 00:00:00,76.8
102,2002-09-04 00:00:00,77.5
102,2002-09-05 00:00:00,76.5
102,2002-09-06 00:00:00,78.1
102,2002-09-07 00:00:00,76.8
102,2002-09-08 00:00:00,77.2
102,2002-09-09 00:00:00,75.5
102,2002-09-10 00:00:00,72.9
102,2002-09-11 00:00:00,71.8
102,2002-09-12 00:00:00,67.0
102,2002-09-13 00:00:00,66.7
102,2002-09-14 00:00:00,69.6
102,2002-09-15 00:00:00,70.9
102,2002-09-16 00:00:00,71.9
102,2002-09-17 00:00:00,73.5
102,2002-09-18 00:00:00,71.1
102,2002-09-19 00:00:00,63.3
102,2002-09-20 00:00:00,63.6
102,2002-09-21 00:00:00,65.4
102,2002-09-22 00:00:00,65.6
102,2002-09-23 00:00:00,69.9
102,2002-09-24 00:00:00,70.4
102,2002-09-25 00:00:00,69.9
102,2002-09-26 00:00:00,71.2
102,2002-09-27 00:00:00,70.9
102,2002-09-28 00:00:00,69.3
102,2002-09-29 00:00:00,72.6
102,2002-09-30 00:00:00,71.5
102,2002-10-01 00:00:00,69.9
102,2002-10-02 00:00:00,66.3
102,2002-10-03 00:00:00,57.6
102,2002-10-04 00:00:00,56.1
102,2002-10-05 00:00:00,55.9
102,2002-10-06 00:00:00,58.5
102,2002-10-07 00:00:00,59.4
102,2002-10-08 00:00:00,59.5
102,2002-10-09 00:00:00,62.8
102,2002-10-10 00:00:00,63.0
102,2002-10-11 00:00:00,62.5
102,2002-10-12 00:00:00,62.2
102,2002-10-13 00:00:00,60.4
102,2002-10-14 00:00:00,62.0
102,2002-10-15 00:00:00,64.5
102,2002-10-16 00:00:00,57.6
102,2002-10-17 00:00:00,60.4
102,2002-10-18 00:00:00,62.8
102,2002-10-19 00:00:00,61.5
102,2002-10-20 00:00:00,61.6
102,2002-10-21 00:00:00,55.7
102,2002-10-22 00:00:00,48.5
102,2002-10-23 00:00:00,47.4
102,2002-10-24 00:00:00,50.7
102,2002-10-25 00:00:00,55.8
102,2002-10-26 00:00:00,51.3
102,2002-10-27 00:00:00,55.1
102,2002-10-28 00:00:00,53.9
102,2002-10-29 00:00:00,53.0
102,2002-10-30 00:00:00,48.7
102,2002-10-31 00:00:00,43.6
102,2002-11-01 00:00:00,45.5
102,2002-11-02 00:00:00,47.5
102,2002-11-03 00:00:00,47.1
102,2002-11-04 00:00:00,49.8
102,2002-11-05 00:00:00,50.0
102,2002-11-06 00:00:00,47.0
102,2002-11-07 00:00:00,47.1
102,2002-11-08 00:00:00,46.0
102,2002-11-09 00:00:00,46.2
102,2002-11-10 00:00:00,46.6
102,2002-11-11 00:00:00,49.3
102,2002-11-12 00:00:00,51.8
102,2002-11-13 00:00:00,45.3
102,2002-11-14 00:00:00,40.2
102,2002-11-15 00:00:00,40.0
102,2002-11-16 00:00:00,38.6
102,2002-11-17 00:00:00,38.5
102,2002-11-18 00:00:00,38.9
102,2002-11-19 00:00:00,40.1
102,2002-11-20 00:00:00,39.1
102,2002-11-21 00:00:00,38.4
102,2002-11-22 00:00:00,38.8
102,2002-11-23 00:00:00,38.0
102,2002-11-24 00:00:00,40.2
102,2002-11-25 00:00:00,43.7
102,2002-11-26 00:00:00,42.3
102,2002-11-27 00:00:00,41.6
102,2002-11-28 00:00:00,39.0
102,2002-11-29 00:00:00,31.4
102,2002-11-30 00:00:00,31.0
102,2002-12-01 00:00:00,32.9
102,2002-12-02 00:00:00,37.0
102,2002-12-03 00:00:00,36.2
102,2002-12-04 00:00:00,35.6
102,2002-12-05 00:00:00,31.7
102,2002-12-06 00:00:00,32.1
102,2002-12-07 00:00:00,33.1
102,2002-12-08 00:00:00,33.7
102,2002-12-09 00:00:00,35.4
102,2002-12-10 00:00:00,29.1
102,2002-12-11 00:00:00,25.5
102,2002-12-12 00:00:00,24.6
102,2002-12-13 00:00:00,21.1
102,2002-12-14 00:00:00,12.4
102,2002-12-15 00:00:00,16.5
102,2002-12-16 00:00:00,18.4
102,2002-12-17 00:00:00,17.1
102,2002-12-18 00:00:00,19.1
102,2002-12-19 00:00:00,20.0
102,2002-12-20 00:00:00,19.8
102,2002-12-21 00:00:00,22.8
102,2002-12-22 00:00:00,16.1
102,2002-12-23 00:00:00,3.5
102,2002-12-24 00:00:00,4.3
102,2002-12-25 00:00:00,11.0
102,2002-12-26 00:00:00,-2.3
102,2002-12-27 00:00:00,-7.8
102,2002-12-28 00:00:00,-8.8
102,2002-12-29 00:00:00,-4.4
102,2002-12-30 00:00:00,4.5
102,2002-12-31 00:00:00,10.9
102,2003-01-01 00:00:00,7.5
102,2003-01-02 00:00:00,16.0
102,2003-01-03 00:00:00,23.5
102,2003-01-04 00:00:00,21.6
102,2003-01-05 00:00:00,25.9
102,2003-01-06 00:00:00,30.3
102,2003-01-07 00:00:00,33.1
102,2003-01-08 00:00:00,30.0
102,2003-01-09 00:00:00,23.4
102,2003-01-10 00:00:00,23.4
102,2003-01-11 00:00:00,22.2
102,2003-01-12 00:00:00,23.2
102,2003-01-13 00:00:00,28.2
102,2003-01-14 00:00:00,31.4
102,2003-01-15 00:00:00,31.6
102,2003-01-16 00:00:00,24.3
102,2003-01-17 00:00:00,17.9
102,2003-01-18 00:00:00,20.5
102,2003-01-19 00:00:00,18.2
102,2003-01-20 00:00:00,20.2
102,2003-01-21 00:00:00,16.3
102,2003-01-22 00:00:00,21.6
102,2003-01-23 00:00:00,20.9
102,2003-01-24 00:00:00,28.2
102,2003-01-25 00:00:00,30.9
102,2003-01-26 00:00:00,29.4
102,2003-01-27 00:00:00,29.4
102,2003-01-28 00:00:00,28.1
102,2003-01-29 00:00:00,24.2
102,2003-01-30 00:00:00,24.8
102,2003-01-31 00:00:00,27.6
102,2003-02-01 00:00:00,31.8
102,2003-02-02 00:00:00,35.8
102,2003-02-03 00:00:00,37.5
102,2003-02-04 00:00:00,36.9
102,2003-02-05 00:00:00,37.8
102,2003-02-06 00:00:00,35.6
102,2003-02-07 00:00:00,38.8
102,2003-02-08 00:00:00,39.7
102,2003-02-09 00:00:00,40.0
102,2003-02-10 00:00:00,35.5
102,2003-02-11 00:00:00,26.1
102,2003-02-12 00:00:00,27.1
102,2003-02-13 00:00:00,30.0
102,2003-02-14 00:00:00,32.7
102,2003-02-15 00:00:00,33.1
102,2003-02-16 00:00:00,34.0
102,2003-02-17 00:00:00,31.2
102,2003-02-18 00:00:00,27.3
102,2003-02-19 00:00:00,28.2
102,2003-02-20 00:00:00,29.9
102,2003-02-21 00:00:00,32.1
102,2003-02-22 00:00:00,33.3
102,2003-02-23 00:00:00,28.8
102,2003-02-24 00:00:00,29.4
102,2003-02-25 00:00:00,28.1
102,2003-02-26 00:00:00,29.4
102,2003-02-27 00:00:00,28.8
102,2003-02-28 00:00:00,28.6
102,2003-03-01 00:00:00,28.0
102,2003-03-02 00:00:00,28.1
102,2003-03-03 00:00:00,29.1
102,2003-03-04 00:00:00,33.5
102,2003-03-05 00:00:00,37.0
102,2003-03-06 00:00:00,37.5
102,2003-03-07 00:00:00,39.8
102,2003-03-08 00:00:00,41.5
102,2003-03-09 00:00:00,38.8
102,2003-03-10 00:00:00,40.5
102,2003-03-11 00:00:00,41.6
102,2003-03-12 00:00:00,40.5
102,2003-03-13 00:00:00,40.2
102,2003-03-14 00:00:00,42.2
102,2003-03-15 00:00:00,47.8
102,2003-03-16 00:00:00,47.6
102,2003-03-17 00:00:00,37.7
102,2003-03-18 00:00:00,39.1
102,2003-03-19 00:00:00,40.1
102,2003-03-20 00:00:00,39.6
102,2003-03-21 00:00:00,34.0
102,2003-03-22 00:00:00,38.3
102,2003-03-23 00:00:00,44.8
102,2003-03-24 00:00:00,44.5
102,2003-03-25 00:00:00,43.7
102,2003-03-26 00:00:00,36.9
102,2003-03-27 00:00:00,35.0
102,2003-03-28 00:00:00,31.5
102,2003-03-29 00:00:00,29.1
102,2003-03-30 00:00:00,32.7
102,2003-03-31 00:00:00,33.9
102,2003-04-01 00:00:00,37.5
102,2003-04-02 00:00:00,44.6
102,2003-04-03 00:00:00,48.6
102,2003-04-04 00:00:00,49.7
102,2003-04-05 00:00:00,58.3
102,2003-04-06 00:00:00,62.1
102,2003-04-07 00:00:00,59.9
102,2003-04-08 00:00:00,64.5
102,2003-04-09 00:00:00,55.5
102,2003-04-10 00:00:00,56.6
102,2003-04-11 00:00:00,53.9
102,2003-04-12 00:00:00,51.8
102,2003-04-13 00:00:00,56.3
102,2003-04-14 00:00:00,57.0
102,2003-04-15 00:00:00,57.7
102,2003-04-16 00:00:00,47.1
102,2003-04-17 00:00:00,47.1
102,2003-04-18 00:00:00,49.7
102,2003-04-19 00:00:00,48.2
102,2003-04-20 00:00:00,53.8
102,2003-04-21 00:00:00,52.0
102,2003-04-22 00:00:00,54.7
102,2003-04-23 00:00:00,55.9
102,2003-04-24 00:00:00,55.5
102,2003-04-25 00:00:00,55.2
102,2003-04-26 00:00:00,59.3
102,2003-04-27 00:00:00,52.2
102,2003-04-28 00:00:00,45.8
102,2003-04-29 00:00:00,48.8
102,2003-04-30 00:00:00,56.2
102,2003-05-01 00:00:00,58.2
102,2003-05-02 00:00:00,59.3
102,2003-05-03 00:00:00,61.3
102,2003-05-04 00:00:00,67.0
102,2003-05-05 00:00:00,65.9
102,2003-05-06 00:00:00,61.4
102,2003-05-07 00:00:00,51.4
102,2003-05-08 00:00:00,50.6
102,2003-05-09 00:00:00,57.9
102,2003-05-10 00:00:00,63.9
102,2003-05-11 00:00:00,67.8
102,2003-05-12 00:00:00,69.6
102,2003-05-13 00:00:00,72.6
102,2003-05-14 00:00:00,71.2
102,2003-05-15 00:00:00,66.6
102,2003-05-16 00:00:00,65.9
102,2003-05-17 00:00:00,-99.0
102,2003-05-18 00:00:00,-99.0
102,2003-05-19 00:00:00,-99.0
102,2003-05-20 00:00:00,67.7
102,2003-05-21 00:00:00,70.2
102,2003-05-22 00:00:00,69.6
102,2003-05-23 00:00:00,65.5
102,2003-05-24 00:00:00,66.9
102,2003-05-25 00:00:00,70.8
102,2003-05-26 00:00:00,72.6
102,2003-05-27 00:00:00,70.4
102,2003-05-28 00:00:00,67.1
102,2003-05-29 00:00:00,66.6
102,2003-05-30 00:00:00,65.5
102,2003-05-31 00:00:00,65.6
102,2003-06-01 00:00:00,63.4
102,2003-06-02 00:00:00,60.7
102,2003-06-03 00:00:00,62.7
102,2003-06-04 00:00:00,64.5
102,2003-06-05 00:00:00,58.4
102,2003-06-06 00:00:00,58.7
102,2003-06-07 00:00:00,64.2
102,2003-06-08 00:00:00,71.7
102,2003-06-09 00:00:00,74.0
102,2003-06-10 00:00:00,74.3
102,2003-06-11 00:00:00,73.7
102,2003-06-12 00:00:00,73.3
102,2003-06-13 00:00:00,73.4
102,2003-06-14 00:00:00,71.7
102,2003-06-15 00:00:00,76.2
102,2003-06-16 00:00:00,74.8
102,2003-06-17 00:00:00,73.6
102,2003-06-18 00:00:00,73.0
102,2003-06-19 00:00:00,71.4
102,2003-06-20 00:00:00,72.3
102,2003-06-21 00:00:00,72.5
102,2003-06-22 00:00:00,73.1
102,2003-06-23 00:00:00,70.3
102,2003-06-24 00:00:00,64.8
102,2003-06-25 00:00:00,63.5
102,2003-06-26 00:00:00,70.1
102,2003-06-27 00:00:00,77.7
102,2003-06-28 00:00:00,76.7
102,2003-06-29 00:00:00,76.4
102,2003-06-30 00:00:00,72.7
102,2003-07-01 00:00:00,67.2
102,2003-07-02 00:00:00,72.7
102,2003-07-03 00:00:00,79.1
102,2003-07-04 00:00:00,82.2
102,2003-07-05 00:00:00,84.2
102,2003-07-06 00:00:00,82.9
102,2003-07-07 00:00:00,80.8
102,2003-07-08 00:00:00,77.1
102,2003-07-09 00:00:00,79.1
102,2003-07-10 00:00:00,78.1
102,2003-07-11 00:00:00,80.2
102,2003-07-12 00:00:00,82.0
102,2003-07-13 00:00:00,81.5
102,2003-07-14 00:00:00,80.7
102,2003-07-15 00:00:00,84.1
102,2003-07-16 00:00:00,85.5
102,2003-07-17 00:00:00,82.0
102,2003-07-18 00:00:00,77.4
102,2003-07-19 00:00:00,78.6
102,2003-07-20 00:00:00,79.6
102,2003-07-21 00:00:00,79.3
102,2003-07-22 00:00:00,78.5
102,2003-07-23 00:00:00,75.3
102,2003-07-24 00:00:00,72.2
102,2003-07-25 00:00:00,73.3
102,2003-07-26 00:00:00,72.5
102,2003-07-27 00:00:00,78.7
102,2003-07-28 00:00:00,81.0
102,2003-07-29 00:00:00,75.9
102,2003-07-30 00:00:00,73.9
102,2003-07-31 00:00:00,77.3
102,2003-08-01 00:00:00,81.3
102,2003-08-02 00:00:00,82.7
102,2003-08-03 00:00:00,80.6
102,2003-08-04 00:00:00,83.1
102,2003-08-05 00:00:00,81.3
102,2003-08-06 00:00:00,75.3
102,2003-08-07 00:00:00,78.4
102,2003-08-08 00:00:00,84.4
102,2003-08-09 00:00:00,85.7
102,2003-08-10 00:00:00,86.1
102,2003-08-11 00:00:00,89.1
102,2003-08-12 00:00:00,88.3
102,2003-08-13 00:00:00,78.0
102,2003-08-14 00:00:00,77.0
102,2003-08-15 00:00:00,78.3
102,2003-08-16 00:00:00,77.2
102,2003-08-17 00:00:00,79.1
102,2003-08-18 00:00:00,81.6
102,2003-08-19 00:00:00,81.7
102,2003-08-20 00:00:00,77.7
102,2003-08-21 00:00:00,74.5
102,2003-08-22 00:00:00,69.0
102,2003-08-23 00:00:00,73.3
102,2003-08-24 00:00:00,73.3
102,2003-08-25 00:00:00,76.5
102,2003-08-26 00:00:00,80.7
102,2003-08-27 00:00:00,80.3
102,2003-08-28 00:00:00,80.1
102,2003-08-29 00:00:00,79.9
102,2003-08-30 00:00:00,76.6
102,2003-08-31 00:00:00,74.4
102,2003-09-01 00:00:00,77.9
102,2003-09-02 00:00:00,80.1
102,2003-09-03 00:00:00,82.6
102,2003-09-04 00:00:00,84.0
102,2003-09-05 00:00:00,82.2
102,2003-09-06 00:00:00,77.1
102,2003-09-07 00:00:00,66.2
102,2003-09-08 00:00:00,66.0
102,2003-09-09 00:00:00,65.0
102,2003-09-10 00:00:00,69.9
102,2003-09-11 00:00:00,70.5
102,2003-09-12 00:00:00,72.6
102,2003-09-13 00:00:00,68.9
102,2003-09-14 00:00:00,70.3
102,2003-09-15 00:00:00,71.7
102,2003-09-16 00:00:00,70.6
102,2003-09-17 00:00:00,72.0
102,2003-09-18 00:00:00,60.3
102,2003-09-19 00:00:00,52.7
102,2003-09-20 00:00:00,-99.0
102,2003-09-21 00:00:00,-99.0
102,2003-09-22 00:00:00,-99.0
102,2003-09-23 00:00:00,-99.0
102,2003-09-24 00:00:00,65.1
102,2003-09-25 00:00:00,62.6
102,2003-09-26 00:00:00,-99.0
102,2003-09-27 00:00:00,-99.0
102,2003-09-28 00:00:00,-99.0
102,2003-09-29 00:00:00,-99.0
102,2003-09-30 00:00:00,-99.0
102,2003-10-01 00:00:00,-99.0
102,2003-10-02 00:00:00,-99.0
102,2003-10-03 00:00:00,-99.0
102,2003-10-04 00:00:00,-99.0
102,2003-10-05 00:00:00,-99.0
102,2003-10-06 00:00:00,-99.0
102,2003-10-07 00:00:00,-99.0
102,2003-10-08 00:00:00,-99.0
102,2003-10-09 00:00:00,66.1
102,2003-10-10 00:00:00,67.4
102,2003-10-11 00:00:00,66.4
102,2003-10-12 00:00:00,64.9
102,2003-10-13 00:00:00,65.1
102,2003-10-14 00:00:00,63.2
102,2003-10-15 00:00:00,60.7
102,2003-10-16 00:00:00,-99.0
102,2003-10-17 00:00:00,63.5
102,2003-10-18 00:00:00,61.3
102,2003-10-19 00:00:00,57.7
102,2003-10-20 00:00:00,52.3
102,2003-10-21 00:00:00,57.5
102,2003-10-22 00:00:00,59.2
102,2003-10-23 00:00:00,61.0
102,2003-10-24 00:00:00,59.9
102,2003-10-25 00:00:00,63.6
102,2003-10-26 00:00:00,57.4
102,2003-10-27 00:00:00,53.3
102,2003-10-28 00:00:00,51.9
102,2003-10-29 00:00:00,54.3
102,2003-10-30 00:00:00,44.3
102,2003-10-31 00:00:00,40.1
